0,1,2,3,4,5,6,7,8,9
0.4819235840472732,0.9129166999037028,0.7187976039001379,0.6483556837659276,0.5259114992096892,0.2664979110394424,0.13488842069163332,0.9756347570399655,0.5330958700787939,0.33442687330790266
0.3707572548225627,0.538942314793621,0.41530208923424294,0.1148979123510473,0.7907974958823266,0.7959353956186934,0.4811446424096013,0.8640589151520535,0.41426777992076047,0.7374745852538785
0.3667962105596505,0.3766173420081106,0.6142309725787618,0.5651230589575384,0.4089613188586617,0.7732072044213442,0.42061985105265,0.55567978186666,0.21551145090427049,0.21298561734750576
0.9996985748844196,0.6460097928534736,0.3089779492314576,0.27018517379648765,0.06703346879957284,0.7264741415531196,0.7703196969317435,0.3058854987045113,0.5115593711474568,0.25329271339556514
0.34682939333505025,0.628499355189738,0.9103815821361795,0.003380535272790919,0.48229580484171897,0.8595088955456687,0.3770542411546618,0.8535441137766185,0.3037390154752275,0.24352126647879968
0.7596943914865757,0.6765239457188654,0.09634195419198477,0.5993350602549139,0.5737741937892966,0.33336673662898786,0.23544110754296255,0.041105612588389184,0.8986896771781325,0.9441396017668024
0.23846815717070335,0.8429299945633946,0.05649502410929541,0.6503773169739158,0.4448012403463788,0.9346650714806867,0.44375104913571795,0.19875701003050394,0.2975998675553104,0.044856590632257
0.5540711484988655,0.1251199684093547,0.232657067123743,0.4837523146927635,0.2691345047820469,0.28046928828001183,0.26818885685089844,0.6056845300034086,0.4918218642138663,0.874424762450717
0.46441277667272074,0.4679816356147949,0.2699443655455952,0.40129256967907323,0.9966575110120275,0.8141401549687783,0.678009421068813,0.5406080345142247,0.5211997347680773,0.13145957239428652
0.12127803976006146,0.27981284032605813,0.4399111702829388,0.4786728384372132,0.9602220258556688,0.561103835112428,0.5711698862839003,0.7846350913662353,0.7967748560164388,0.4753612247819883
0.7180381231479419,0.9335073108742463,0.4352806106835567,0.11242867116796551,0.41229130882336507,0.0682266414396977,0.7529842020704133,0.4644501044581898,0.7250419136135954,0.675038801088007
0.8553217232611068,0.9497117086469641,0.06301139602097328,0.5772981311815746,0.6746917530685548,0.7637008689641466,0.27685961896564315,0.6570094295855999,0.47445956765312525,0.468961427715863
0.3142150725957601,0.6324282186279254,0.4769860690693073,0.503587828125696,0.7945791730150116,0.47980859243551743,0.9093110577222415,0.7866344217725793,0.5961683618340688,0.298939227284007
0.8248927400393616,0.8291779576951366,0.7898435569395785,0.04055797448621301,0.5156398194575996,0.11558814066169454,0.2562801474558849,0.6521774772825929,0.9437877160148004,0.4209485036766981
0.4936384275034721,0.7055748620545114,0.09890976685437869,0.420133582683229,0.5880301021882586,0.8992137686143282,0.7504089123132738,0.28993175193603327,0.030648642379801916,0.07121812005838701
0.11692129005272767,0.34519126238780307,0.9107670278628933,0.30502947418154736,0.3096713681059027,0.810026038878128,0.511340697250954,0.37136850383903885,0.30501767206274666,0.5805611609880706
0.8132542678410236,0.4008393067142124,0.17241818338057158,0.32244743069504755,0.34185755151691344,0.725000703153274,0.5839495859635053,0.4757103621762929,0.04969857274338463,0.2786795205990559
0.3222834911722584,0.9899845670278229,0.5597749663541262,0.6510110146958694,0.2399113847076203,0.2986003934230349,0.22998183318093113,0.39928208271264287,0.9354947058009454,0.9307123057367906
0.1270069170963295,0.4224909277699602,0.2822981158556549,0.3670702500973546,0.2647541850072178,0.2720081645993111,0.8265119312532827,0.9389465940361101,0.7477179815047413,0.8006420393180472
0.19935988635050006,0.32302124318106895,0.9302966504024217,0.10681745913586416,0.9422643479265576,0.8623908118087059,0.6512216272272919,0.19453373313123534,0.8487477267054595,0.38421909102083396
0.8782564711279318,0.3006059498108017,0.6352276518781339,0.6355936764313572,0.9348446265570429,0.5971551863197253,0.8417918700628036,0.7701986205530649,0.9010905875858297,0.16550930520027207
0.5461417756713243,0.6593178252013554,0.6032930432007525,0.5545627946127483,0.3903351803416556,0.009195996989833644,0.20773579600072545,0.4470821344822986,0.7927225991016131,0.8529052753857352
0.621159025042505,0.5853004976416466,0.4656128022054473,0.4914998388072306,0.3402547537209313,0.23012300995607426,0.7271109386094008,0.31744244308251623,0.3336521677022436,0.9184575869725713
0.9861583815552841,0.6297306588891275,0.8933073828765972,0.2486902139027043,0.575537292911821,0.9247878034590529,0.6542438635794655,0.9235498520551031,0.06700877202128652,0.26516483631611165
0.9836589254508056,0.9796161151058811,0.7400350387117318,0.07527179803717121,0.6853026750776345,0.8055640883650801,0.26495604303127074,0.701847309685141,0.48155729705903016,0.22126847488093304
0.57137411031143,0.29509818856432557,0.246589142592483,0.028192493726593826,0.40679757049654597,0.7702837284506948,0.036767180437132785,0.1325181590719644,0.6735609343925995,0.4909135492118284
0.7922163235867646,0.2954753178383923,0.11318310934433384,0.2529991787212461,0.11598455841810584,0.8931262803142459,0.46740118940192676,0.17722100109739436,0.39323571104143207,0.008665301499302891
0.14977886694335718,0.3236121561321359,0.2969232801284747,0.6496202516325507,0.44325023015919596,0.09142210174223508,0.9672391636128875,0.12006536926213718,0.5651173546939566,0.6119426435894912
0.9619659385129364,0.9171690933442026,0.5533873554577445,0.17300344895829878,0.7413085718419785,0.7512496210806734,0.5336502793798215,0.1249827797260773,0.6402772702139269,0.49155608663577954
0.001727249144282239,0.5289746907117381,0.8120542746488674,0.323185967683417,0.5087418399103643,0.3364495862270759,0.24221746290564428,0.04336739795302158,0.17933686024098316,0.2904006265538339
0.9091067521461929,0.21051796153699587,0.619922034829334,0.1414449645817043,0.07272961354526553,0.6452618104609168,0.9957469407507017,0.41610728934922936,0.1383687531600396,0.6519744354227635
0.6897551855446009,0.4160816723671191,0.7083176588664086,0.7193605109197129,0.2959011349570202,0.9617767553879707,0.5382616591561141,0.20434294776177964,0.4217468098996672,0.4517674317281577
0.476561905021164,0.24402229030197065,0.049054073629295925,0.2894170681889352,0.8183721423140744,0.40047057485498916,0.829664312037721,0.6591215942149378,0.48479754062950364,0.4950399012026898
0.269325501732962,0.7739180633231176,0.024705617303791283,0.5134897589573924,0.2846506310560243,0.5271119699483071,0.6941215654765996,0.7801247290491458,0.9000254936068897,0.13539933635778723
0.6066598390113938,0.025040171314061332,0.28315525451210055,0.06260393064979297,0.8509375220395102,0.0608999264225738,0.6510724987807992,0.11447699646888543,0.5671076157536181,0.2377760218016003
0.6054292013460766,0.13468361994810496,0.9581998758675137,0.8940175543314928,0.17666444425795447,0.05441524189367919,0.07483681253358065,0.33259346605594664,0.561880494069989,0.06544076594137394
0.6130881814836556,0.057361927610927066,0.5561838973399094,0.8996975734578616,0.27782302218863364,0.6964044375312549,0.6742782564920475,0.016693505411859655,0.9205882995524836,0.5213483340876865
0.7430046114207275,0.2962086132906423,0.255973648543096,0.30719852024361605,0.8490525943440824,0.9429798270246845,0.23430939097743564,0.862246362276833,0.9445863411399769,0.576530524669994
0.3622030596103226,0.1709181312814041,0.4256944686679769,0.8116625975097524,0.35309987859705494,0.15167497700543353,0.9752563460507628,0.29113450296953325,0.3314404840802708,0.18249008074974227
0.13165950100452517,0.9152663353241529,0.016956622658302778,0.4124337927170536,0.21501656676816683,0.1193062099329174,0.10130676556970919,0.5325822298388021,0.333142722774464,0.9520918095826479
0.09024225651980589,0.023659329174513632,0.6789048426677416,0.283790623288973,0.625729843667322,0.12606523416923943,0.8324600318864326,0.6450387745318265,0.8949588215969381,0.4388945867947308
0.6324172026325999,0.5853329399258005,0.8311613296740957,0.8678888468634947,0.9767089469488356,0.36012477755957495,0.9564375895015185,0.35672560155595856,0.27688460608226284,0.8029349774978217
0.3104719663772959,0.5688798278688088,0.7004636717991801,0.1936113126000263,0.6114947896053222,0.9761866693933008,0.6346403257982849,0.2680560077268215,0.21080417442155053,0.6391267071893841
0.3185177630939968,0.9618394023504514,0.23813035354414824,0.6338347312175853,0.365372180253306,0.6172567895328177,0.23751158416192286,0.9129906966579319,0.5119873225096447,0.34833607163221736
0.7010217924256158,0.9728396756871575,0.2552169477253805,0.8473661228919486,0.15031067641975548,0.2840307996906156,0.4222644180518538,0.8890841196975344,0.8504587537826387,0.9891584849073132
0.06771086480187516,0.11661236485153625,0.056261808276668934,0.5000263831497078,0.7252826112109397,0.41383847548652797,0.5787645968638051,0.5107975458294668,0.16762307601288262,0.27060307997277666
0.7016323668886523,0.6777697814634946,0.42406684228454994,0.2644144293941366,0.3223003690313484,0.34430258223959986,0.21978995165458448,0.5917010026799695,0.8200641641054808,0.29415883958810496
0.9938527791857527,0.042293929571402766,0.8961265852638876,0.6300293397525326,0.019425035757373088,0.8302924409014019,0.13182139104630597,0.496681275029468,0.8225852079019478,0.41797915485780424
0.15913566831371506,0.22931650534775805,0.8054651869178575,0.2944869524949635,0.4279295998422268,0.6660962266996571,0.6455215565162014,0.4089106928699173,0.8215936062960403,0.13687738771506397
0.08810428430699735,0.027158165894009434,0.3542188694473509,0.22243078931650795,0.4196257159733283,0.8713834014932004,0.4707918546968033,0.5516600204648195,0.8515861170887911,0.7872612878386228
0.6936423459803911,0.5910871729461836,0.104379399166866,0.8896519686627836,0.348361561305812,0.20235823851655088,0.5638535929224343,0.2671250941815868,0.21449344265050907,0.9726849113231679
0.5050597014898657,0.14238211841465853,0.041746908735522004,0.01270715125741495,0.21762023249726103,0.5869435210374573,0.5257886713275891,0.9618972306439718,0.22680997278922554,0.9939119748543386
0.12356284472812962,0.5301969864544659,0.39698474523307214,0.10189244849631118,0.4953840397265039,0.5688660562590505,0.6164739091913987,0.4075498112234961,0.29119118893647344,0.8458822890532954
0.2417029608551038,0.4546156919412596,0.9308990204095395,0.5792318378262675,0.9901804053382878,0.022155191191928547,0.6250479569153723,0.15527685289604187,0.2897156373056423,0.1626839336614141
0.2524436392893412,0.2747765439196942,0.8105520765047242,0.13043803525977515,0.597445443643751,0.870586192313488,0.7247653680419904,0.7112514099521771,0.042935415463545845,0.5928290786832765
0.27251017925784893,0.942159419518141,0.32130867474029123,0.35265603073723084,0.48287986510890424,0.5055845456789893,0.8232964765608151,0.24571381046794116,0.18055726650851955,0.23867312697678245
0.6992827216714236,0.5445379635166762,0.1991735101149391,0.3161444814666541,0.6637242591517291,0.26504310735445247,0.8778479648099683,0.923795610434913,0.8634458233954694,0.13235407841648728
0.28346708614932203,0.3216516823543034,0.7416766847492741,0.4946893427281591,0.4957997063359475,0.20495737516239654,0.024180191284022046,0.5855553744621652,0.3041416389550081,0.6125187993565271
0.9559563393293139,0.06010782867099895,0.6077735382364546,0.5532706524449901,0.15882579336777913,0.5723145122349046,0.8238617940169861,0.1946964536225525,0.2658375205685246,0.4352057976188439
0.9324658237397155,0.4291461563641674,0.3741412634268314,0.799607088825789,0.8187672087777714,0.10083533434358871,0.6324255705949413,0.8772550508150009,0.619316559464412,0.6814155242349512
0.5576706865794724,0.4676841088939081,0.40303005878675535,0.4191306866061254,0.37321700300457183,0.6474395147453156,0.49956521349543437,0.7760930914312144,0.163096435614848,0.32683354768804906
0.22039653256166647,0.49700347076816864,0.5029404590843954,0.15074114085315837,0.07784732985042842,0.5737046594112272,0.1286066104896153,0.0878717633328866,0.732961950338668,0.06485223981287813
0.6269164053361175,0.3570937457832666,0.5951252881905958,0.6466867193422465,0.1518457336009017,0.5887933095557027,0.9154467772424414,0.1597041778128624,0.4193510108874512,0.48529447684138827
0.14466189731208656,0.5603446810163297,0.12497687223645881,0.7476154084405499,0.8795259346414125,0.33303404517567936,0.19083063694242564,0.5070372027337461,0.21384223680438708,0.005181462057989639
0.6247038698007069,0.28299610802212416,0.9830218157964701,0.021758723688405923,0.6232270122579098,0.8150499884684875,0.5552760885079567,0.09170792128179095,0.39818995171822025,0.10487005097370283
0.27140429894309137,0.6543047642447483,0.2473900578170959,0.29138922709622606,0.9710778960674008,0.8566647439737594,0.009575655278101336,0.15256069968059915,0.8931739504887125,0.03317603434070515
0.48139767559566504,0.26689507710219984,0.9514952186140371,0.37406506946728,0.048404631421195665,0.4245609938252892,0.8076368375181995,0.30174169872189993,0.6652023821110616,0.7410043335997394
0.7431926217690189,0.2587354660636293,0.7587520482618267,0.9275614895888206,0.06902022844259315,0.47211663741299625,0.7899915814761569,0.41224477484839916,0.6422778266223207,0.9624128721415283
0.44788740701770313,0.9861018686634002,0.984953219988298,0.5353191132406202,0.6230032183002224,0.8067611988272638,0.5508895712079757,0.20759331220573551,0.12089762588584463,0.720095718763097
0.8937680137943705,0.061000391477031735,0.0051315491154579895,0.6823369442739423,0.5965852674070248,0.2281533126459433,0.6723329420595842,0.2959659398178214,0.3010317792663756,0.040382316626561776
0.31512696428177367,0.8109968584950927,0.5550124733296807,0.01276372689541272,0.6029638696054188,0.5252253337069875,0.1377861060521801,0.004690765625404825,0.34350153834831987,0.33475588105408927
0.8115506965943551,0.5252554048963175,0.5467732778060448,0.8471055458289969,0.023428724923465483,0.5844784772261633,0.726086546176994,0.13166076999801957,0.741749851913974,0.2743644714704119
0.2681253487497951,0.4108321691788295,0.08390877528298069,0.6441410524706326,0.6962136951000037,0.5379713305933866,0.5236921087434195,0.9424316591421549,0.662723067522205,0.044211248674523196
0.3467952559608072,0.17708550259519273,0.9486888044034916,0.6197033771056233,0.31620543389621925,0.9974710765814242,0.5751012474029054,0.7863113277357007,0.8498453345398047,0.008661284991723694
0.0794247920667468,0.5580871121583117,0.04706537097878938,0.4728006292979122,0.7499057795316829,0.3706947498012606,0.6451012380484384,0.7238554464187653,0.7337396123901124,0.53630907011782
0.701867698284913,0.26614629386237687,0.39701526748843474,0.6539520582456081,0.024973860620978727,0.9563863795099838,0.26250611867351603,0.0634247707042469,0.893106266843646,0.322254088321827
0.8758935395555181,0.30137042390492874,0.3387975238305877,0.49919160823743536,0.35074623088022083,0.45404995955430594,0.40209383801861864,0.2991240719795981,0.5520140639296479,0.28377261512035
0.4178585557722637,0.8659905578069242,0.17521038225008623,0.3692128489864017,0.9142397161546356,0.49773479261798326,0.9396166588690706,0.026436383931060403,0.6384733636435841,0.07050750066864298
0.5556999385810363,0.40963980823173063,0.5646031675161605,0.053625923967765,0.45824129364069943,0.43794926216097996,0.1466192668967118,0.13969685347858873,0.3204918904337053,0.09692376978785333
0.5281506131919532,0.04017943629031595,0.23636850562269263,0.04446211186348192,0.08681518644744379,0.8249985621318515,0.32989178888178794,0.2673640067601897,0.19416131601637843,0.0439753300566299
0.8718605094410756,0.040375603085551104,0.3056005722373164,0.7953895503087282,0.861434620971235,0.26094535131218066,0.2881267433276563,0.8803361087622326,0.27726174355842226,0.6408630303270763
0.798752286562092,0.1979678662384452,0.3554483083582741,0.3062506131829831,0.8526557094679934,0.6936098001269688,0.4074503377883124,0.5577469538666148,0.9217759768382462,0.6034399754034798
0.21333840875007015,0.6331831109443832,0.9210534128842365,0.19520953596597945,0.10450397767144037,0.31758771824416443,0.6384416585613842,0.8374555169026489,0.047606881754730046,0.8322054317098471
0.2979293405379564,0.9315897501297834,0.9513768313749607,0.7107128420220935,0.5527353490936243,0.7050456595594884,0.5516854410261375,0.9134116211569648,0.24051886594014182,0.5939426486908277
0.9601014917229165,0.3819686316386047,0.9041179382449378,0.058357983077946485,0.19458078523883515,0.914344444589141,0.738613010582008,0.45353810550402385,0.16784258479428127,0.10760048373049669
0.5339768233281764,0.9371131203184591,0.9333948381200139,0.35808008727131124,0.04763515271709906,0.9201097710682795,0.4166387105870414,0.17866198933844424,0.2921124654701449,0.2801137371715924
0.40542831136889623,0.21634261064816906,0.5284262867875388,0.27943082210375303,0.9825882477097075,0.9187294954451083,0.33181940428458523,0.7465436775136587,0.7996347939466425,0.9403805298230128
0.7849851063429016,0.33757352970374044,0.11679411937163642,0.5776287401594846,0.07220617998017531,0.25964457418729514,0.46730678396698866,0.7755754810437832,0.6195186403031053,0.04970739303153748
0.4646304603727158,0.13078122516746227,0.27553869194993463,0.7075082454717317,0.6328175127797219,0.8414945797225523,0.6968520243161651,0.5083783371813304,0.7429677137730258,0.8790909135874929
0.35884364533263813,0.32874604341203817,0.06798496868054515,0.7454792589732703,0.876203459514326,0.9466778186700077,0.14246945955814105,0.29430801069140056,0.6623090994502749,0.7726590263638432
0.5098701974442336,0.4261508971468788,0.26075262084172746,0.09833265407356784,0.5432675843739948,0.030923591351807334,0.8142932034199073,0.059172133600082,0.6485265580500339,0.17208588552911985
0.9614186983441497,0.3629457144817769,0.36404317569122,0.5086834523011405,0.3878960572140061,0.5186156395751766,0.982333406304938,0.4695240100685113,0.2250536106769867,0.9207698147599596
0.5136663718046407,0.8192869717873493,0.12594815008753246,0.7423793453507813,0.2041185453890474,0.259841446855514,0.5726644339253806,0.6679661454935966,0.3186568541002798,0.03225232362807262
0.6400528770638327,0.8207787584474043,0.13451340228051567,0.31279072252939477,0.15542530927478282,0.019016006194661927,0.32332030018001745,0.6486860896240778,0.5044696847245534,0.8774893288822978
0.1409984987901599,0.7836797465245965,0.16125538901084746,0.28845697975109996,0.8195413538445241,0.2592509470229136,0.6759551861538344,0.5825812123026508,0.21591735441863635,0.7626360233654494
0.5770903181444837,0.4988565170750967,0.9737071464350693,0.21167620009395816,0.6736905410147129,0.5853332798275447,0.6179777600213695,0.16819253998689343,0.5807833724366486,0.3277328683530014
0.04205793906284172,0.7598981711495717,0.4021494534123011,0.10457490063861863,0.6357216706530342,0.48993997518678456,0.6710583960777273,0.3122020704288534,0.5354777385247511,0.6047889181046301
0.4103004049905491,0.9005882678097407,0.3374172473079752,0.31803448791657385,0.38446910157048986,0.444706686950054,0.8597039503664315,0.4030921862129777,0.7967988181174585,0.9468423034367783
0.8424694172832261,0.10143976447123859,0.9829845315074488,0.48793825083345177,0.5449784823763818,0.2749706888050696,0.2505767035027997,0.7407313761135832,0.05064619413692395,0.27945564355861197
0.9588614344563522,0.7805024592650905,0.049901632457326706,0.04465750500563603,0.9187938675169794,0.024486363616128104,0.8557025033054612,0.205786708046375,0.548382225918843,0.3352392699389942
0.39786900679785386,0.02939822738572151,0.8782387134471883,0.04814541500471192,0.6361067630544772,0.8267851154797476,0.28838753433583597,0.3778618686190708,0.8793182881096663,0.7556648446697865
0.41105025846431953,0.7254217886670233,0.26271443735918787,0.27531128628172086,0.40601919782571816,0.354329852814646,0.38435334075183447,0.344616652361991,0.9540692115207879,0.7187010900887889
0.15827198890205707,0.37452548280246944,0.08952149291172706,0.05135041070895219,0.809726466246295,0.7116289668409698,0.5439833701781264,0.9550205759797289,0.48934866858871207,0.7938829002765416
0.3701721393434094,0.7192075210635509,0.39732151296591933,0.3598136361304999,0.520873231286394,0.3730786077107946,0.32179727599065566,0.3998111333710631,0.9759587191884908,0.9277657118665125
0.8580173157842863,0.32257668518734295,0.1198100396299111,0.47326172590455273,0.8890929010484792,0.7954888777128546,0.7646170561692761,0.10743269270864764,0.4252683680950744,0.9255416073413689
0.0037007702271150134,0.5714971511080262,0.767832220701265,0.17725390844085553,0.6267158263897822,0.3384582985064736,0.07127193973013213,0.9733884478459363,0.86852040012645,0.8176539548480921
0.9121083514891686,0.3357966320396377,0.33235690958439223,0.026254683898653153,0.5239004943023216,0.5408124164917353,0.9894793210567914,0.9121902796204828,0.6261226980415521,0.8189106850671639
0.4245392549954913,0.37070421839209844,0.6409334388264006,0.4552386966743168,0.9298467840361853,0.44299163669763353,0.031041452557657,0.02368186364340663,0.10230733618572341,0.47246115709501557
0.5510212756835207,0.4804765335859149,0.48977145159256863,0.8957508708419566,0.3649349084004908,0.4546944584915932,0.35503332704026747,0.970531669190392,0.5487231262037905,0.4452175505514696
0.09996692372861438,0.8561866968757312,0.3039785338887815,0.07632181362232593,0.1305870219082519,0.42779929032420494,0.5030055023641395,0.3470034746244486,0.018072933664011193,0.2525920989958912
0.31318978508350925,0.8305284714256315,0.19995064169282772,0.745830926397584,0.11819351904500086,0.30459304216760397,0.4202427813811892,0.7012303238686715,0.9502651711154073,0.5606754107558468
0.45868577933061416,0.06614405304693338,0.013622696165636161,0.6979889628412157,0.07966420382592543,0.9359838893458966,0.020419050705083208,0.01994707610668245,0.3180046108064406,0.4760824626714598
0.31936084151976807,0.8108730462363684,0.9681757425627281,0.5036004403245476,0.45073761759777586,0.5135263542392582,0.3654420717262419,0.13196769931205443,0.3996673287998661,0.39411180655579603
0.8949455897456494,0.060759457713876586,0.869767524851855,0.04301931273531889,0.35916087674951147,0.02099797650303481,0.5632946782919108,0.24098755209197442,0.9008226630075536,0.6615381664239331
0.8001696163992128,0.8806741427559803,0.1807568459138431,0.8015948051352018,0.03741113390660211,0.46931275687499574,0.4552057459957718,0.9368894041968594,0.551381609762949,0.8305475503292882
0.38039633956046337,0.9929892795541364,0.2012487142869237,0.2808317141915696,0.6404555347232449,0.5995643820054657,0.9855139334348003,0.5787856379311206,0.7222785163272666,0.7365308828700906
0.20069576476593531,0.9551912563919362,0.26571347681008695,0.38340039295137773,0.9958113995339558,0.3055323814612011,0.8096715441440174,0.782345003565112,0.7434552469037481,0.257844292259211
0.3472585656143474,0.8469736371074272,0.5838487353393407,0.960773101744771,0.2959807194465164,0.32083945508493383,0.2443368087252923,0.5665928509494493,0.824807345216562,0.998163490296957
0.5225158808528454,0.4031199709981912,0.05502302249758262,0.20783480949648958,0.7862658317812871,0.8787866161710465,0.9434816143997086,0.23477396880646118,0.607704419543239,0.1674330446736194
0.17066235899527638,0.018332712760314673,0.7899656449253234,0.472660894156675,0.5578414630772839,0.10317681263419565,0.6433962365352136,0.9585143611298039,0.9167385376808628,0.9910489492592383
0.6230147447416633,0.7399998862587162,0.6484220875068475,0.18477046689099086,0.691859105339127,0.43093692995761623,0.521564805785754,0.5799203105854233,0.49845348712336435,0.3939340862121301
0.7327234970220763,0.09922751426847976,0.24486950145387198,0.22275579616757613,0.4990011956198652,0.2808346723769184,0.5220917785539186,0.7792706214788625,0.7463542903371724,0.42770206976519576
0.1274872378022136,0.09042092470320906,0.4394103883769179,0.208416080400314,0.21608345626320857,0.8601523056007553,0.08401441409214938,0.37180701876997846,0.9563286856651524,0.26810458891750844
0.4826867739414692,0.998009335763154,0.43338534761529524,0.6221746941012131,0.763714445883082,0.2509012033989958,0.5158597086889897,0.09709136515989436,0.3475696034968866,0.12016441487148999
0.23994270168836118,0.1135526906565908,0.34332820794473806,0.4269493080295693,0.3514595118092505,0.7334425747385563,0.4654500184493039,0.5618919830911365,0.2610201562624197,0.49870446570780436
0.08060888357249885,0.7607666104530374,0.3737204782822985,0.11857570850043553,0.03343543729973275,0.7267774380491658,0.3121817083723528,0.25397302845884306,0.22833631230668527,0.2565504809332171
0.7003339953807446,0.07588959841070864,0.09031953774006451,0.36505087274947323,0.6564863574712307,0.0572668933229622,0.7974270842793012,0.5047408860373834,0.32951580765386623,0.5101816014216738
0.4136423952197624,0.567030645651556,0.7331240665295724,0.21093581019273866,0.810797215802763,0.35269735363294685,0.12702767695992756,0.6466993261866527,0.08272671950049937,0.8769470118903088
0.48044664117460945,0.5289304159363608,0.43996770554446907,0.6052664037782628,0.21667522145634732,0.3132993077173456,0.9069087857455722,0.23383844706607504,0.9033847138556992,0.75488106249166
0.29161507612738413,0.8632812006651029,0.9996679822646308,0.8828644416325255,0.6227389630336312,0.3534525174976184,0.9361741898135385,0.6773778567424934,0.23727432759515577,0.9879734986292157
0.7872398908674699,0.9000391707838417,0.8522283705763369,0.5689857713239356,0.259407849434387,0.2006626989275767,0.43739048359943744,0.10513368126206524,0.740384921248918,0.007307985226578606
0.6715168236083746,0.9977403124049317,0.022926540963533637,0.17075503660976432,0.6789584690074322,0.07327149020807322,0.7419448471399375,0.12297058962440155,0.8700380392374397,0.35119277180637054
0.2614182887718737,0.6699073492299289,0.8741021047027889,0.30850640424486564,0.5588652038549103,0.9739809498989271,0.6156050403513023,0.43959576778542575,0.938745388792597,0.6222034753610529
0.25374051185703217,0.2600490843287915,0.07770381436068796,0.011286715120341517,0.44302979325072944,0.5500617940949999,0.4965896076402918,0.4236182533396533,0.7130470135913045,0.4094414209563776
0.2031204080067568,0.611914958734469,0.3301526099004565,0.07748504104783926,0.10397059201967507,0.7868944475884599,0.49311197008985863,0.06861760055566324,0.044205185727015595,0.02189264780170741
0.9515708592503186,0.5868144099923298,0.4825598386411417,0.8151865884963491,0.8212637651133882,0.2540749164353344,0.811344235990747,0.8042302541025511,0.6440596445982222,0.7238643037887265
0.07219889744467256,0.9430396687936731,0.24841268045890252,0.5272498189879457,0.6791816430662714,0.19907309172891252,0.5892085826929601,0.24369658792844828,0.24234395000960618,0.6020378706954457
0.4402827375532915,0.7833161698886385,0.825094365895634,0.07789605600434768,0.4615027604765659,0.9266924001713196,0.0011276766648921077,0.40535367890033114,0.5805198233203033,0.9832051878042396
0.1252314613127674,0.09666008216391275,0.9376265202442943,0.9024670649261054,0.20473955908524732,0.03620540461366384,0.7168853840405447,0.7784515185421407,0.2074846115367247,0.2232653080873831
0.15332521416194866,0.013181884814925326,0.712404525387903,0.2789754822071646,0.22952075935641436,0.5820306666626451,0.8103795230600535,0.9328758411373097,0.13891748189011954,0.17993736160416207
0.21771600040157668,0.15955466467520796,0.90805971904386,0.1665696195564932,0.9495959975907458,0.39962780171365986,0.6391326836907834,0.9579402683964355,0.9674599649763733,0.9006525528409217
0.4277300412147037,0.26454054051424813,0.12581503428068952,0.6977979731550358,0.5630158433319711,0.7089294413845066,0.6354734968971287,0.5674750754765667,0.5819059182453603,0.0539851008025678
0.8783740197121312,0.6314675794489407,0.5805023095389416,0.676933408423007,0.5660616209853256,0.22959899796704364,0.606762571988246,0.6653303695997312,0.20616963409915667,0.6982048142864835
0.5254898310156964,0.30053252797442165,0.9219152287367651,0.8194850981908121,0.9920340979711489,0.1456685634160706,0.06922612722126065,0.9492554041284544,0.7834979768148586,0.7651749631371528
0.8581059046837696,0.6904106326772017,0.6805637652414551,0.1847297835969801,0.8838730974572265,0.1937817324488672,0.9480527568808511,0.35831342816441736,0.33988981742958946,0.03465324398712777
0.5657955815941571,0.025773685399564483,0.2195032791657927,0.6989024424347252,0.8661073396414306,0.9695850918747029,0.3193332300545745,0.2583972510047706,0.8412539250056179,0.22247821300473625
0.6224527119639255,0.5517904897173751,0.326029358814518,0.44187590805758303,0.9289430851015811,0.9360867508594599,0.4597347875243002,0.0546528108167641,0.9288238378492778,0.0018348353320554178
0.5856094128197665,0.879341269882102,0.7796517998678986,0.020532026583396035,0.9327595497136107,0.9872459066154946,0.6007454908376401,0.6049009492028447,0.9800849146623678,0.563192797464486
0.6821401650598462,0.6365002924471883,0.47516635475346725,0.9252820240665874,0.6866584740286141,0.6145352603633478,0.7795110656973675,0.7936698375185143,0.22419593856471165,0.07996634486258802
0.37068135787806855,0.04645129552080418,0.7666454054435234,0.02578300670667688,0.35312807770310095,0.8915029614856237,0.3285503845709089,0.14887573875877302,0.1972771339193491,0.4034450176628259
0.013540901256619442,0.46148920004183724,0.4672080818358241,0.8604405159266205,0.27325212102536045,0.6496089024074009,0.21345449918242554,0.49531245192556705,0.030857163307820956,0.6041930246082434
0.48857915879593183,0.9995034582688669,0.035098880774731334,0.029244841183693415,0.7521146063383793,0.4870999739500871,0.4424005048343258,0.36425221219597437,0.8881513713237672,0.9299940323590387
0.29766020711260366,0.7976615402913817,0.24118392345097506,0.11149273273738236,0.4890573075394199,0.23620112248381497,0.9785285063842697,0.8232369531903587,0.8113328622573234,0.02417694639986856
0.6519032250230733,0.7242943037737656,0.5260271373720012,0.781297116577932,0.9277789003776258,0.2290467920731638,0.17055375564620134,0.4435607797782627,0.4180369635550695,0.27019983062601693
0.2699506934303705,0.749106718524572,0.2748272786360786,0.5919214706046562,0.4517350277970874,0.10714179620188558,0.6775718463216126,0.5217661376084018,0.5505628622188379,0.7185807875654283
0.02533216459467813,0.8930826587295139,0.8646312284562121,0.11194313673397105,0.03839865960060462,0.991651219819007,0.3101962795549442,0.24550324119837386,0.42091149083792945,0.39084180206645946
0.7801901544850608,0.7859875952448148,0.2272147859503727,0.2564615396602046,0.4497745521626819,0.3290996011071995,0.19051562292198188,0.7562877711351763,0.11914072015867283,0.3101299383149132
0.4177033260296946,0.4718486957195962,0.8616210388462,0.9286372798935735,0.5264640324983324,0.8453183991842296,0.6344972002685101,0.31712292766414074,0.18943806911421457,0.4519563362228721
0.0659883143652874,0.8029114909747742,0.06808610740358989,0.3361356163916004,0.15745627269510853,0.880260809848428,0.5509672801917814,0.19696610411587168,0.6857062747854428,0.15370936138642544
0.5485703900289612,0.5437670246036628,0.11490993819877615,0.730842620129946,0.5268994026337551,0.1893033856563049,0.3645315961937968,0.447290961090558,0.4309395467538797,0.8191964614476767
0.26134841050019875,0.9537684692063607,0.8033137396699568,0.7143948787782007,0.5270784529211596,0.25742255910808665,0.9077715083468503,0.05120917180302087,0.3190559901643897,0.518207173895607
0.40419888804104054,0.8666075347377951,0.337827615905817,0.9417794080842542,0.672731053984533,0.2486681947273256,0.3468831913468461,0.7360101797154303,0.7988879635122321,0.8170532931245853
0.3121291235139273,0.47772795000447565,0.1598337102681443,0.4230585494059381,0.33951085589936236,0.20024575121164945,0.03450497518142481,0.05546327838406351,0.5050680424961382,0.0715105921491419
0.953205383499182,0.3942652906293268,0.23671458243410481,0.8504793155458255,0.16043806774691993,0.7917893799888583,0.11245688603078097,0.13161243636062425,0.1941408313178542,0.36474315166800764
0.41061672986954056,0.39626750824658286,0.6068243626965999,0.7615705805680255,0.7569001912328511,0.1831064510094501,0.20075137860744885,0.4951434270533076,0.7412429669983094,0.6278663986285707
0.9316226953270803,0.21930966778226657,0.6257855680636354,0.13157822271829156,0.06862423617861546,0.6593747406021121,0.4279344381008089,0.8931498435388293,0.049536983003680146,0.34439995236725707
0.5943125713910313,0.009228637934345252,0.5141595649839501,0.7238082323375093,0.8150511713171749,0.36810702243619287,0.966258392112609,0.6905006273658891,0.42491897754512264,0.3035696864894488
0.41863263594981504,0.8624629333540038,0.5786224440430202,0.04591178780315064,0.02295392725747769,0.2287744623808038,0.8822634781590044,0.6069286952950528,0.028141653073562978,0.6708070108880059
0.49122264763671397,0.898554668882088,0.3986278003946002,0.7381672394771016,0.2338669823018925,0.09026752799846482,0.44106626788416914,0.2578611400108566,0.42163009077139557,0.858385714959987
0.5442465016011463,0.871566887863894,0.5229332366301002,0.09348434311159903,0.57687790937334,0.3563966402174217,0.5434484381598615,0.9074653576451038,0.47797141752260575,0.060553256785441434
0.8990244097088337,0.051815947338122004,0.9592813466210633,0.3236179584657112,0.08251661910470054,0.488041862612827,0.26445260133996273,0.029675077951110795,0.03098619638451583,0.9456921535045301
0.2224007937936162,0.5922447949897609,0.5234076607884064,0.8690995617555524,0.9797248461777716,0.4096691815986888,0.24780065644957527,0.07149465432578794,0.23329057371767037,0.5676229679297302
0.45444806869474763,0.5115803333236005,0.5407101186744782,0.926338468443749,0.7621074256688726,0.9501660078831499,0.0658614390257457,0.35421865420448917,0.920695695165593,0.8316236784316339
0.2086073656331453,0.4285121464222674,0.5923017772122632,0.7186861844064607,0.13948357734804917,0.36268216270477105,0.07584474548052755,0.8021105855001138,0.7193846086527558,0.9619261523193688
0.9584064534513793,0.05110647943431712,0.4593909004621889,0.07878679022172108,0.477538320178879,0.007005223170949537,0.4502048039436374,0.8828029983942233,0.028006526532223797,0.07776310467140202
0.6840019994263682,0.03127180895520154,0.04557533244038847,0.8972068071159981,0.7466662930795543,0.15852232011316647,0.28676463742852965,0.5610094133921367,0.031023416768290013,0.8756963217288752
0.7464496440593205,0.3790896005666461,0.8903172819095954,0.25919366356046725,0.2131881834614482,0.7239962750116808,0.9537428577526439,0.9087065255839976,0.2459409719349639,0.811293118508231
0.8487834678900337,0.6053519727878552,0.1307800925590985,0.5454355503024199,0.9664159478363561,0.08774724107423104,0.925362311945918,0.8916607931488808,0.22642798671335118,0.6921894208767785
0.6715005525902498,0.9262704310315909,0.31926964082243836,0.28214855494917634,0.6347540084626775,0.6424419259633967,0.06291719946275698,0.08275924547882918,0.7875396715767476,0.46477170873939166
0.39325844202127236,0.8923994956866823,0.7207282438161836,0.8022221614447299,0.0663600231177448,0.01704468728816866,0.746511357449432,0.17748002070736524,0.6341337341021747,0.8515680553844428
0.7676388073941854,0.471660750795712,0.5039585012311493,0.2206338797240185,0.18138891840087246,0.15871627491700546,0.15712881087386976,0.8490233691254511,0.5303204582297846,0.4413277094236442
0.7848296387123527,0.7538127491336803,0.9460094964965357,0.40111393211650936,0.283086703931957,0.4269761981397947,0.24797402221194176,0.1995206203287344,0.8942867774804756,0.49598361245819966
0.5209251933361204,0.1459467770938805,0.8427937075331732,0.954180418127542,0.813471597675955,0.08776001403997247,0.43597673486121746,0.7722926868617073,0.41613607955145515,0.38813805747696173
0.7405155578920528,0.6212419146419579,0.42237897113361056,0.1580694331477187,0.6107883057765457,0.18067993941225835,0.5160231114169334,0.709019331662141,0.23074711905016687,0.08038919674184386
0.31713960360163607,0.7866223214632331,0.6693073302955829,0.9504037937390499,0.5066878166465236,0.08910078923740272,0.16699902050047744,0.007860406762924876,0.1429643889659553,0.12080358959284887
0.35515150386678407,0.9008697832885116,0.8723919078865434,0.283360540165036,0.9529040712772173,0.5075904432766073,0.14757093045159986,0.8253782638721001,0.059418673688561685,0.709140309941045
0.2221149493638851,0.9833646326004847,0.4222083713614987,0.6743069733945185,0.9834070351232744,0.9845212894415664,0.11430292273311116,0.8542992048533171,0.205142571531727,0.4839671106713912
0.926854414938314,0.26682729824436036,0.5835098357957634,0.9300792687249062,0.19998187370679188,0.5907801071787228,0.648303804858583,0.5006732695103289,0.12517410540957985,0.06169162677229467
0.556426820969702,0.6063023296588299,0.994203514960849,0.906565229336723,0.7100678494069019,0.6584373565714973,0.5562034843217601,0.01029468058869687,0.485573796030105,0.6241413313203464
0.6104166826008687,0.8626275613987054,0.9512138013133755,0.5517412343192508,0.15489425379203847,0.5910312484459906,0.13848668740740322,0.5332737942366037,0.7827433202341827,0.306655938729245
0.7638683332604386,0.7474409643338645,0.9685918197929448,0.8209135197275496,0.525026147112484,0.8119173621945387,0.12999414799755937,0.3317047174199358,0.31406045317583586,0.6872115140111293
0.7959859178866212,0.40970927579525906,0.6517498311136156,0.2923107977249688,0.7661998316109833,0.6977888043181614,0.47871493619957994,0.825727040670736,0.6911339381241179,0.9797895620147542
0.8643534726354667,0.910180453915189,0.9377688992249389,0.3694325738447113,0.5889299049978529,0.609234277398844,0.03962535378340237,0.10232866856299949,0.10983555039423121,0.7914027297445024
0.6218227330309248,0.5703593722916084,0.5786988157899824,0.0009777302672017152,0.5807342980322934,0.7429230377303875,0.42267938674339134,0.42119404837561547,0.5568426558378428,0.2154806514959816
0.8166276001187098,0.08736036354513887,0.8807729398948273,0.5834682575293707,0.7674722815607508,0.5688822208100227,0.9257459028786892,0.47124623746666006,0.8055994795884519,0.4717647523129228
0.31031327020868327,0.3921773137039457,0.33583459235950386,0.7084179270487025,0.6404282491466574,0.8863630083658314,0.41005456796360096,0.28524890797984004,0.051708497245268714,0.12975891744278323
0.49747711942245887,0.7449079208804492,0.09122370754598086,0.3324533371414973,0.24341482458168606,0.3768924566306787,0.7052436294329559,0.19949965717640927,0.3694379368987596,0.11943152209703167
0.4522627726672065,0.2229145014864029,0.938999243039503,0.4466370497257842,0.5031988102960169,0.42924786386458835,0.0035138092701522128,0.787561054742812,0.2422859280649351,0.9027017721355487
0.4463679501153931,0.5965475190396426,0.076616679222403,0.24922733558937582,0.871605462448518,0.26430184281769065,0.4075914197816404,0.8516682848128224,0.24678495964942315,0.15007729382042057
0.5506868305829955,0.8273299970990833,0.006015749194129172,0.5469002258663037,0.13654098357584898,0.37814711043876603,0.8774419076115216,0.20021713218090564,0.06290957470277059,0.8216595348640252
0.8262392142038293,0.35488672423947976,0.4381459673548883,0.6868799287956096,0.4438964322605783,0.9126209406351814,0.4044568537552796,0.04813729275837486,0.7892716023999532,0.28269729596803195
0.21685190279610256,0.967018728740582,0.3790710564386742,0.951239874871381,0.19889490255886444,0.09831281660734503,0.6327414735346101,0.11726373998058692,0.0061962474532764045,0.7246462629747583
0.31164475077257736,0.2948370746612332,0.9094718855242391,0.7393084517229084,0.7734379556038584,0.7799146886550332,0.21749311758834522,0.324020374692103,0.2177621587599614,0.279236021205469
0.1685195836301242,0.9635771878129781,0.35286684463978,0.9618495051664224,0.6063832794401907,0.8244832625672676,0.3776271754897874,0.09578459849039567,0.1628605332423655,0.6133452724402165
0.21746655263574155,0.23760929362631744,0.6985330835767322,0.8192412073095617,0.3877101888327964,0.24315526831319023,0.27734340703067006,0.1011232186265355,0.8015259765373973,0.041931304155506055
0.07706188185265872,0.6290064812245038,0.848929502272691,0.19692690280447034,0.27343603196309496,0.3485040302780321,0.41218467272727954,0.3894081053808671,0.21255492968827805,0.4239727258290211
0.06070982014007764,0.9561708257961722,0.5272191643135423,0.12727421986963938,0.7428770450396048,0.7704739016214281,0.8538329834303814,0.8801243978105658,0.76909549148196,0.3759366341062583
0.3852658826552777,0.6207521049136768,0.476464862867346,0.840258426621539,0.12288232777089514,0.0419885348823128,0.9465309750275078,0.6774004303651414,0.22647855841102338,0.2322095914520631
0.795546425673732,0.2762825133944725,0.5172447091170984,0.5732897606854541,0.7821346733286259,0.8967096510288948,0.15513481265711226,0.598197463021614,0.05618997249611635,0.06628446153801915
0.6844192917707925,0.7820364606060733,0.09928837842862692,0.8235262154074048,0.9160683977641346,0.6485878555781504,0.19660827677164772,0.08703860593066604,0.4942291777987927,0.26321974137232995
0.6571203524510182,0.1586188232795649,0.09788344312499475,0.12710886457406045,0.6128872228717416,0.08969128833321216,0.2299507767583695,0.09107514031384911,0.6664150975561557,0.22657750595357984
0.4887497075152244,0.7295477317448296,0.18323612928874067,0.23547446646774006,0.12231699579518363,0.5253769706793511,0.33143089216728416,0.128761603713351,0.12964527946704862,0.5753715794267455
0.20702590983330593,0.5484033544517127,0.8696869608209764,0.9462316843118773,0.9429994041991029,0.3873261168131483,0.4538791452734544,0.30549227620376773,0.621183580634666,0.8461434280085313
0.7290461039150572,0.589939621673898,0.6147277983250888,0.6399132279988223,0.5953708953073101,0.06396650470028498,0.6489097058786537,0.20604912735314396,0.3103648888665118,0.10534200695932672
0.9973163760656121,0.3522718156057483,0.12877130849974683,0.6129985854460471,0.3960469261591154,0.08154063122824562,0.8146190608797684,0.35575641191005747,0.6525327354335226,0.7346874168874913
0.6028614263326567,0.28495888053482565,0.7401553207905505,0.3215092335873838,0.8962758834541523,0.5732788591307197,0.13546334924951375,0.8966131174438542,0.5862230299735838,0.9273998153431919
0.8841923170962881,0.8831918353008885,0.23566693272696215,0.7714931521893622,0.44523366196502634,0.8518066168736493,0.503448912291032,0.3532148093541517,0.33576371892728163,0.002596485021311934
0.22572880110059235,0.8628907300275444,0.6246669034997803,0.919706678490404,0.46485967848083165,0.9359034763502585,0.25623483971518635,0.6219598108082044,0.089291623503156,0.5814267269705563
0.9566173598771479,0.2967585174256874,0.8792977856038673,0.1703672944447866,0.7683658934623498,0.972705884905308,0.2842707806461944,0.3472587740761741,0.9701524399375043,0.2081070906808542
0.7231535412681069,0.0349140868704777,0.49417760080964446,0.5986631172648766,0.39365987031354077,0.8170554589431246,0.6557484951173179,0.7444888442725601,0.8508553413710465,0.16845993419642968
0.5421800854060644,0.17558708773653053,0.021018675149768296,0.6732375482822845,0.05298737100200379,0.011140843476727613,0.5121778924317137,0.8014353739261892,0.8842386242909074,0.3153826658872859
0.896098337276069,0.7405450387777264,0.6636384109955485,0.06140516142595154,0.8773751692417606,0.22478681684444957,0.550838039701789,0.5356368255795599,0.2995001784299067,0.07531047559129467
0.9125905491634542,0.08655661862800779,0.9369033560315254,0.00803898601465769,0.5983437666123714,0.7872562141784762,0.3761374578730733,0.5723771027432917,0.328842903399008,0.8919567915911666
0.669412429175012,0.17025925803204045,0.5682848516071772,0.7257411586419085,0.8637046225132796,0.681359374857,0.397282500061825,0.9578924506172977,0.8797985106233229,0.4339847139132217
0.2394654803059798,0.6581242773906489,0.7102390320714633,0.6415542252441104,0.29323166835432635,0.5831499017925922,0.27797205918545176,0.8023425763025578,0.38796871755061635,0.7333402717858285
0.2491427943425305,0.9678050210126262,0.14526283397197137,0.032359842497241,0.18801569236311655,0.34553690625986966,0.4116521067773212,0.9705643316639139,0.022669615866274695,0.9194143278525305
0.28748162710945535,0.40634196264165245,0.9712547008006931,0.7486167627252479,0.32690334831580736,0.19846866490047965,0.8782117652958051,0.8901800592453549,0.4117760838391047,0.8193717862418062
0.9788956974583874,0.06963266685137337,0.6826853919427657,0.6830578400745793,0.48335072572591886,0.8564457241261298,0.2177397507750285,0.3842248337142604,0.9855605337903781,0.5643381159615193
0.7814893468547913,0.9432831386136686,0.9836900635474032,0.769481044784469,0.4732405467740636,0.734862338226742,0.396689981769318,0.9465642678647641,0.6610417268902858,0.9944519595139395
0.7484398993897242,0.8640204550001442,0.01947957961195168,0.7374064326478038,0.9266474206915032,0.15091615058500873,0.37166748082122003,0.7754389034886523,0.6774922289310985,0.4117869318886298
0.49278255123882897,0.4479362530543345,0.24369600025030602,0.7088644706474304,0.2492949184921608,0.8106430299579795,0.23167791251986647,0.31790802120882466,0.7925710033930696,0.19429978127355452
0.8174367740677349,0.8876695669489689,0.023157384641911527,0.9890088724921526,0.2175952004421885,0.3003965389839288,0.563930641491582,0.649537717160974,0.31698611377801567,0.16279470141543817
0.5564189115858887,0.3283313224192851,0.11357824415440587,0.3956509376208891,0.3223956718099268,0.12094599530648142,0.2967680088738428,0.7551225852268738,0.11978064101355235,0.8426060342729942
0.16593971723867673,0.03584515090220852,0.19692527479095012,0.8364134243379125,0.43081656024707415,0.9193072542713934,0.1865878956728998,0.9055640927946068,0.15061253294064814,0.29627851979914954
0.3014500235303462,0.7315313459430756,0.19410360166390173,0.6601331908461417,0.3516913084728863,0.3401224819215817,0.015954895603181085,0.6152807048896939,0.6234166981541603,0.7350849808028896
0.5434711327972994,0.29995578200558837,0.11755069852471833,0.8272643620956704,0.8305042443649884,0.6292828813782055,0.4529203223098618,0.5764089556308193,0.5369478857947849,0.29093631272893394
0.5972148419521733,0.8119851826303909,0.8556099932940386,0.7525701343040326,0.019481205446523098,0.7453010284516438,0.5122833269323201,0.7600225417151236,0.1375983991493378,0.5241077397064521
0.5536459519651439,0.8557429142670163,0.3735512672216422,0.851775268362716,0.24604166600400212,0.7420087793626481,0.39241535245851156,0.5009164493582614,0.7910197962806609,0.8838059269586318
0.8739783580811391,0.33394225868797833,0.007670583442869416,0.8944740583464976,0.5276396973614323,0.6471495335508858,0.43129479328408593,0.42030536528829276,0.8194194020951364,0.21777280721055403
0.012535808375414348,0.26967087820457425,0.9558996797009623,0.03756432061029502,0.7763619612804247,0.017146580026854985,0.9349849116831697,0.9784005450751002,0.47969659727247704,0.7110305164043725
0.97627792882358,0.5902806891772056,0.04070608889362326,0.7735971595289677,0.754701293010316,0.5987551946704428,0.48109729163671067,0.329942290779879,0.06979931826723473,0.5333586358415825
0.1581693462302175,0.6822918723665493,0.7140620834438055,0.014219162395655571,0.691135617311163,0.8478171905171884,0.6343216516093756,0.8426196137634465,0.5752161662659093,0.2958358281946476
0.38396200343044007,0.03389910984997713,0.7323047681695437,0.6522264804515734,0.15016568862216761,0.8331784607586431,0.9552735104905052,0.2933396710449019,0.4122073377281167,0.48360529573185707
0.8728090988557081,0.004894319957344906,0.33017907543285374,0.22574685554825358,0.6099165926919831,0.12655152370409106,0.8055766419242936,0.8145480089229354,0.5087679641394744,0.9221558648098515
0.7092571934389975,0.3980746887633687,0.3084795694918874,0.7814161211189735,0.36059505700958217,0.21973111731726236,0.02145408864631193,0.21905637296858338,0.42903192759991793,0.8629904018791478
0.8188943906086082,0.5113175958552144,0.2864297172105552,0.11299561325899754,0.26964991822856377,0.5561660567833523,0.5393985484203355,0.536474954875673,0.7045705221268183,0.05039799281282864
0.43595636897465073,0.28056347071907795,0.14452988545624856,0.06920386834979186,0.095845036090773,0.7515882294166591,0.6017000923972134,0.9888212037958225,0.13496271100101176,0.7260537238900491
0.18668749886973757,0.11974604447369819,0.36750571765591333,0.9173484195265039,0.5383721675383574,0.7872623745293641,0.189575224075487,0.567876316435211,0.004016517458979907,0.6798640293332252
0.8649006935876838,0.06367266686538708,0.307259375651903,0.9645616514549817,0.9957856537028513,0.07267510140226108,0.24711378800165829,0.42250168156186374,0.05157424572021796,0.2477331273831842
0.3245564089589853,0.05471679144269992,0.9347972913930696,0.2962773255491017,0.7046375903340129,0.660769664257054,0.8425781513233246,0.785331509201065,0.6061866773014715,0.2488640095364174
0.3262030800245326,0.27776433289219316,0.22822878289574844,0.018058617600126947,0.58396174231436,0.23416948701310525,0.8124514977407803,0.31562052485111636,0.17409491873419158,0.9328887399427369
0.4078319320820538,0.328257918881778,0.17471289662861988,0.6775667668010353,0.4001795048205604,0.9136690587595999,0.7240839807663368,0.3798167590961673,0.20907484557244926,0.8336569289311174
0.9030804561418914,0.5157078471690735,0.7918358807399604,0.4016820137660667,0.4087531727324888,0.23798270842414793,0.8813352809502455,0.7341156734538528,0.4768531056434723,0.7599017286960107
0.7462055427854672,0.2411625160097599,0.26571625224828344,0.9214704210127362,0.4681406714036347,0.3833749304423951,0.32995646675910895,0.7676416845477823,0.9716011255703401,0.8791931435422451
0.8168530308408665,0.07054142748757619,0.5630526263248172,0.32366113018136855,0.7128812035941929,0.05736138509970978,0.7939573763286821,0.6854018725186074,0.8518950433525528,0.07051229421094296
0.5472233579425876,0.18438445291165806,0.6201006914233954,0.24838776409922758,0.46497501418256193,0.9570261900451272,0.6540951365713699,0.029522261804276084,0.969650725450824,0.6081000322805011
0.11216778498723778,0.2582839483923637,0.351755198303636,0.8416544818022547,0.036792474833095,0.5490323899752962,0.13879772415730496,0.8443821268051761,0.072671164908363,0.849095960056253
0.4190738604308081,0.7398906673552119,0.18249405268942087,0.7806899069538976,0.2085233248865792,0.6660142116003401,0.30017278463156805,0.6476542866482073,0.047200389390015696,0.2423490580164468
0.9271711315773249,0.2792576220228554,0.3346236366194385,0.0070787464730462935,0.24177055535207248,0.9870715748171546,0.5535361384725537,0.44201565621048333,0.7600717719748256,0.8356391061877003
0.5556715024895609,0.21926059637400752,0.7851577989816725,0.8337950983067935,0.5875837352185176,0.48717309016653,0.09170409576561589,0.2981373348397376,0.7872182762307923,0.5188660001988973
0.3437039359272338,0.5981770105592207,0.9107185019311885,0.37449417628586124,0.6391080079651712,0.1502683082101467,0.12469703835126189,0.04226327443088207,0.07504213053456255,0.8141322495359018
0.9885024801949374,0.8481388923138725,0.8367057712722333,0.562180972075656,0.018157962145989193,0.5251338962156386,0.3575645209480901,0.6309956869703219,0.3459345709400026,0.26371961555517087
0.39239224719859767,0.16174684294187236,0.9872985322050182,0.6304380733023675,0.8523344310512642,0.7731751513249366,0.9268016302321811,0.31888151652637564,0.6324248815978627,0.4750275001868587
0.927659953739477,0.7891575605175565,0.2833495910644587,0.022085031764695118,0.059988892156660034,0.31414231884468113,0.8912501373785535,0.533417936564464,0.6100676010195861,0.498632680950451
0.8494734412917779,0.2677302278685483,0.6844788028022094,0.44012318684941043,0.21267033035721328,0.30032180069614633,0.37885910734104866,0.17608823743731006,0.10275825676899086,0.35305411690514077
0.031491766671545296,0.5482020534492091,0.779788303130705,0.9751681559912693,0.9026808634575441,0.4647136696692863,0.26972182573511305,0.9659239350485368,0.23811112307058735,0.920031603952037
0.02733682412409133,0.37442851425706425,0.7008985524408373,0.669166532871935,0.13019830093184737,0.01036676499963285,0.17407911840892587,0.24439555614660646,0.1837347121853672,0.8365263473240786
0.29885645657189464,0.5470069412277024,0.5383183851230496,0.5139836278798183,0.6002436334932089,0.08652930453826757,0.2062665702588813,0.5442982789191638,0.7855844353710901,0.1356358687420267
0.6559889212982293,0.057733844656413624,0.07396024121816847,0.15859396241801915,0.4481878250914142,0.39188228036925765,0.11327238596293077,0.2912453318872057,0.6217630539819389,0.847243334348895
0.2511013597523045,0.5686263228005769,0.1263259031831997,0.4721263229028949,0.04547371473231476,0.6662359676300327,0.7265430314368763,0.683715326537113,0.6193526731696763,0.7267877244670397
0.07705539351422308,0.2703240934999521,0.22983810299220642,0.30659728794734353,0.8780598151779048,0.5284932858135796,0.23398408732673726,0.14888736071924902,0.1191926933443117,0.09601184612633828
0.8126199394425591,0.11301670778835238,0.8536135209782633,0.05984520535854654,0.01805334696809524,0.631480819503049,0.49088733176634525,0.230400033811479,0.5141857277777189,0.9232904866543055
0.04138272324274428,0.31882294892109697,0.15074614210594972,0.7500711148188562,0.6829299913560888,0.169446231563384,0.9195165606028598,0.9629315020001924,0.12165888160232974,0.6077652443700936
0.7848003771558427,0.5020142882084703,0.5546959887368298,0.8860499822458877,0.09883493692912138,0.3249872263463336,0.8570868162934379,0.7079739987458086,0.580662214685999,0.8543695771293547
0.5062580663786499,0.9832687533857077,0.28517797636179953,0.9160532795987758,0.14892013895576417,0.3446658568676997,0.8027892369544009,0.6208696192177771,0.9890115393137461,0.14342715585149812
0.23747322497599144,0.3410865485723996,0.8905747933532362,0.750714116986377,0.7756998588072382,0.24156127346144463,0.023694199706684183,0.8182768136535361,0.6629624734189395,0.8987845350937109
0.5078749959804951,0.6478335444144022,0.6466878847473612,0.026120785920192735,0.12710360892428718,0.6936233060105619,0.29884558690065355,0.9763643799688358,0.5010304934274095,0.15391868227631622
0.7552521947680154,0.4354647128710515,0.4872838902070361,0.43322567357659425,0.7907736676510271,0.9889021444995841,0.7716972740135294,0.6912550851543633,0.9340006047523985,0.7743802377206024
0.5189305506505459,0.7220471386968934,0.38341949278864296,0.42798428145466394,0.9981855821369153,0.03832305815779269,0.9356807505742278,0.47868283059418504,0.583482810046969,0.19968708204259555
0.9214858071394603,0.7222309254094837,0.1464781877989192,0.21877945531036114,0.1376841273882674,0.9263791556182981,0.5716614751402511,0.7499178683965705,0.7517075144563818,0.03366258822086676
0.8142607129571812,0.7031979950671599,0.9866971830311907,0.4491677821192722,0.23519168624850406,0.4360492739113717,0.8464496727848367,0.9921093850347706,0.4538329754657222,0.5593705307604808
0.4143839410785388,0.15995588447826137,0.8968547349881302,0.886043362640499,0.7609078070366176,0.8188677190798489,0.31251057908531865,0.6121107170324134,0.5164022033195226,0.10000804370036664
0.7710399658483692,0.9075553754377513,0.41117313213147333,0.6237006483245742,0.34351316822339184,0.02766568584438589,0.42329967962396886,0.7068892949273845,0.4584545199822968,0.3246190107223407
0.8433164707068104,0.7414718766371706,0.9946693972073841,0.9934944561455723,0.27634907474862347,0.32092179451168135,0.8567638517550558,0.20659108732910514,0.26600622329622425,0.27729492794339716
0.38358122680930196,0.2366160402709241,0.5482803027639223,0.43304794803120694,0.9059117090029405,0.8218179026960778,0.3887218211703707,0.5616819102447701,0.2625287540702108,0.40974429785794164
0.9715107326777833,0.2515964779261546,0.6221850301647772,0.10984502939887342,0.6459808770620102,0.6994139541831091,0.19285541471373768,0.9235938108880722,0.583645017058743,0.2846085313727633
0.6527045702304863,0.6738327086517553,0.5788981496235106,0.9885191429079164,0.9231671001393404,0.22632617773199837,0.16099939731463764,0.6668486375414262,0.1466434502660524,0.8204127436098115
0.032976214824087635,0.6683404883407885,0.6490947714675757,0.3786554807122251,0.32157553156592966,0.9547165977853064,0.23144873364312202,0.08804673476451352,0.35230654568389463,0.582454447994683
0.696006116450709,0.8049120024923755,0.4509064734446293,0.5835922583822293,0.6231919628750389,0.7892948532977423,0.7761141464020757,0.6454208127089353,0.43559979147096606,0.9543507464715815
0.36075485995204626,0.4105591707032904,0.7469760384837566,0.05812231614861918,0.14362992194636215,0.22989613800131803,0.6376033829333042,0.233180542946398,0.031427263448163045,0.9272211016472995
0.8903507572937105,0.032631142113101586,0.7779616377679474,0.06266557199251899,0.5578213469258719,0.7988665106033371,0.8305067419956935,0.7065302035935723,0.7770955005307523,0.44757206472016264
0.36342255193291206,0.013372553506042717,0.7309117825327737,0.6802774692946968,0.678423409746106,0.3102036444692948,0.39766563950051126,0.27037497831682755,0.4857308676146358,0.2600786766340887
0.5265452695632068,0.33175154237964244,0.3393966573592835,0.6069610082170275,0.31004599285635637,0.9318888152272466,0.3237942207967468,0.11694494077223372,0.8308641871772026,0.955517534794177
0.1829823326173472,0.1436321978758116,0.6532574375334779,0.3988954706502983,0.7894906458052443,0.22030437349043042,0.5765326268013736,0.19523853918476097,0.1661425071613335,0.75082900788276
0.7482448166298454,0.28920597286762306,0.6774609480719372,0.9282681409050806,0.661032874784996,0.23024934632479988,0.11140412458885507,0.7893997748200199,0.24336449328340137,0.12365689015716219
0.9949161013318285,0.17761583872175035,0.3717967782630416,0.9043073556298158,0.9285159770757564,0.9936488013154738,0.6382408279148195,0.9517381097166232,0.05335252279846603,0.7037972963401173
0.7588864067715625,0.8810560697841135,0.1676239857110916,0.1759050616943474,0.6432453272336786,0.8792152397240507,0.641074191273254,0.1877571819012669,0.046698005554386635,0.6011992561440928
0.3491253955048884,0.73900687473939,0.8298699188075171,0.8559946793399641,0.6523767706540783,0.2733018085540869,0.8449083352578212,0.042208801132030405,0.2681320382656365,0.11061732720413042
0.08497338827611445,0.48980615388225834,0.6979822460134643,0.3630267313477694,0.7127498506300382,0.2937172617701671,0.22904243086262233,0.3666649012123204,0.7042228932220136,0.4109028249570893
0.653957630636943,0.41368401204809646,0.4558576913895783,0.9831258701334374,0.6755772867374928,0.9936110899692632,0.6713357884503617,0.10970909577374277,0.5707089586603382,0.06719064302882294
0.9762852991598181,0.5088181451647231,0.7111738842125739,0.7317116867682136,0.9412537999285852,0.666974716742881,0.43686962908851423,0.8058505986197334,0.15327168042762584,0.3102657778591704
0.9317016602093546,0.7847255661885469,0.06712708846573845,0.7813748766155604,0.5494162412181146,0.06839263028504505,0.4991240490210008,0.6438795779011875,0.6601796682287993,0.055421491905279896
0.3064835212508854,0.5098822505472493,0.9425605781047736,0.821490077430844,0.34510839975989227,0.7692455533020905,0.17907123483351106,0.6704743260029353,0.2923874357719206,0.754659942242483
0.1744103218665276,0.7206306285301999,0.07060968190670969,0.2237624369260357,0.3299635699097846,0.8182362499726797,0.7555275142659041,0.9688718290391164,0.06653501013941898,0.6958268847162953
0.5977719862670983,0.0015865449139788046,0.835669791328215,0.1159044869134519,0.5718181537443432,0.8656180174620135,0.647409400926207,0.8977883696324171,0.18497790966413163,0.38194045958829015
0.16279113851112514,0.24250329482069322,0.7934166949193715,0.229890064115167,0.6507617715985655,0.2824317334799452,0.1722493112562825,0.5172055370790211,0.7171706836690983,0.9918469960951206
0.7211858777663703,0.8443427112177228,0.8560715322750199,0.7959060908519802,0.04346728911699027,0.6463507847539944,0.2917322036953651,0.9250026392115835,0.8544993017412394,0.9586683790663794
0.8992275389148567,0.21947016928599428,0.3479825620605549,0.7793220268010008,0.6582985260199027,0.5446089730601742,0.003854571793848627,0.7493136509525143,0.8515354920577376,0.5425192181193517
0.18756230833057574,0.7318134666789072,0.674605232063493,0.4590392516926387,0.9759049462920983,0.9108421773581319,0.2529313409877024,0.5252523944820863,0.5833401772883088,0.8811402866173786
0.9984934260641765,0.8672269205958263,0.4873267282418362,0.5469221272633465,0.492557986270013,0.686999537846129,0.8275610822940305,0.2541395118226053,0.35543790565736255,0.9840639612616273
0.5847117099490207,0.3110593544658863,0.06015432904121909,0.0342093217669468,0.06695198516094836,0.2245557985744988,0.6640171669639229,0.7989662125308347,0.513452474180263,0.6626068512357602
0.6394782398463319,0.6050207799139479,0.03950898240686995,0.9169498615821099,0.8697119583603536,0.7951988314756191,0.4277396571689376,0.35061958498197376,0.42782856274325864,0.15432706168025145
0.4037363614500129,0.48615497057929546,0.854190555167631,0.6976071547944876,0.9774739863782073,0.1256153675781525,0.8966879222395626,0.03844583212143604,0.10647442145210029,0.27805549545816
0.20579035973773196,0.8479331479415378,0.8999136092835518,0.6722246379632832,0.12577290561849985,0.8731880506718502,0.1397101074530075,0.08204339597979626,0.9431894952062526,0.9831037471455539
0.1505990305907149,0.05026444929838525,0.34209701172701834,0.8754082207355727,0.9509502852324668,0.6127552136269352,0.43254795536137747,0.6995190279010234,0.13614922491382708,0.7359205811054789
0.6874656989547188,0.9006920864114557,0.6151336724309909,0.11152852717754758,0.2591123023687171,0.04900865708041624,0.3813890462510423,0.8735811779591298,0.4840962964576312,0.257177322619368
0.04837134618108119,0.6913054535032634,0.1161826079198226,0.5155363803270144,0.5691160503071029,0.9230409431944148,0.33520738226462843,0.26528570880882996,0.12585744020153045,0.3046918338853647
0.6049537328264574,0.915288114270161,0.4159936834942003,0.22081876523415656,0.5731768617732831,0.5349070121758425,0.6891943285044819,0.9362058113648924,0.5014338634230051,0.0064695407378861924
0.42087166662258946,0.42792216789277093,0.7406389510861913,0.7164425341708542,0.6474868060790728,0.6709955975597834,0.17416771523412367,0.7234674980088791,0.5827404121321922,0.8350274119785233
0.8162914616091829,0.7183587411321495,0.5977589473773827,0.9454799301130159,0.12759185195922385,0.2433673578619232,0.5038831439518514,0.3302823887733958,0.22781060996685032,0.8063631629852059
0.07673262826229221,0.6137693493774036,0.780025919833085,0.4008982091417955,0.11143794519008277,0.7938389594141154,0.4614504737112811,0.685693062323725,0.3911906307416636,0.40942740761256435
0.0685956216638004,0.7365272403406141,0.5423153461046765,0.6316632957193843,0.4685147119856299,0.23130182824126577,0.9242045786208161,0.19881876720359049,0.9211670861677524,0.8478404436911985
0.35990787650959044,0.645174663456559,0.8651167770426976,0.22340325492331248,0.20228459308289015,0.8035788160858179,0.7147817625290169,0.2060933056287042,0.7089171131375949,0.4985090849413878
0.6300139085952248,0.318676106581368,0.06984814328009348,0.34576308369264686,0.3777615718779326,0.8648141999085233,0.16768765013224174,0.06487521591920486,0.41905787381220005,0.19163817441150433
0.8232701248892309,0.8811688774706394,0.809051634228965,0.3460267777545908,0.4837901092874708,0.5545222219327847,0.7181609809932764,0.44350602086267854,0.8450981709382496,0.825486528666478
0.6741020928981271,0.7901307987995178,0.14641783359733584,0.21946058353468778,0.9756771893718834,0.1794871114779616,0.1660464714437514,0.316676751523562,0.3046291262150588,0.6938889029802008
0.3240119735066702,0.9982417152425976,0.02984279739851614,0.5864493649897111,0.7291009626048199,0.32545309399246447,0.031756142390413133,0.9130307006044134,0.8035070811847879,0.7187090148639358
0.7510963473669284,0.771521425540999,0.17115670879495426,0.3417252024667159,0.08882780132858481,0.640857726950681,0.550938023344933,0.9139596768130293,0.25821514628055386,0.9993943187045077
0.7418838858042568,0.18749649452663364,0.2387234323706886,0.22248362368038788,0.2554514128528471,0.5172568877734954,0.6333116326265948,0.26789813328787615,0.7907186357024906,0.24931696231918377
0.5585478910786876,0.183479128505734,0.9117282773029308,0.3850861557382671,0.8042620000014528,0.262143724459585,0.4575608561323017,0.7912438578285734,0.1403967396550958,0.1454355931831055
0.1179547741875191,0.38226547277849054,0.3830305731747804,0.7498138671676767,0.5134113987304656,0.38155504512035987,0.04769533827886352,0.20504784607952964,0.8826019721231811,0.9566671076741955
0.3989845343072187,0.3869616841279291,0.7847407301864827,0.8562644316255221,0.21932660430354034,0.582611006956867,0.8345405541122944,0.1243437116032583,0.35917215603286856,0.16401450181566135
0.9247922833826218,0.13624856013808162,0.9177069251176175,0.2892725276078091,0.16597620785166933,0.26113588537875143,0.9293862363133427,0.19182900236694211,0.8948620046711145,0.927154404259044
0.7081346135893725,0.8597283128903952,0.2578451082712002,0.9473761205859016,0.583381524488647,0.6981131929002181,0.4830928829150247,0.9107757620789,0.054636629915680635,0.2969038771140634
0.9002952234561454,0.654751736703059,0.8987590651556081,0.7359265003108598,0.4308571320749225,0.404819303520653,0.1984445207783928,0.4659890983754156,0.46985798730700745,0.6393494061332593
0.8351641136828077,0.31656386211465526,0.8518728297679734,0.4576965289616348,0.0285235453047874,0.828482162869632,0.790723200351638,0.41589294116236153,0.07000399172108274,0.6539147499059174
0.7940603160573462,0.5415360662856081,0.31342869397555206,0.9867576742462899,0.2660438547827979,0.30865370100923495,0.017617793245218505,0.9427975655948688,0.352423056646339,0.19173067103813868
0.8481872231095331,0.7116512987487931,0.030262661997888074,0.06391824735818885,0.6400360048790399,0.8587898458038603,0.04642957752131183,0.6845214156678572,0.6884825241098387,0.23327069444818982
0.3565688377219004,0.7407183146070891,0.8710481251468136,0.8780977041809034,0.30446123797932423,0.7184607426373939,0.13942183939035135,0.8380298417983039,0.8134827782175396,0.6539247640926741
0.7612560942087863,0.4770665489646613,0.7768614086525542,0.49472326166555414,0.740269842250737,0.4758840347736186,0.9256113034535537,0.5093100797792152,0.4737174853056658,0.29882244622979304
0.8418828884945344,0.10883939580221857,0.2723532970882907,0.824854564653109,0.03757550507980523,0.509008053789798,0.9338049428037324,0.41376444336160423,0.14047473243657604,0.1286939992542856
0.5431631969409653,0.08303556092785602,0.5729356070884696,0.6503173663845743,0.32991201957651106,0.802917780617454,0.8057479504143827,0.4130216693553076,0.534234110393032,0.7547332910767872
0.5411115507526351,0.489192820164285,0.8653280384544952,0.8447830103307927,0.806685608073163,0.004666641849519926,0.9735628835323822,0.364373787250143,0.42488724544749024,0.9974593407583696
0.8387262567642402,0.07347831806459948,0.8510575110634605,0.808665378021675,0.813082279517807,0.3488286452480762,0.4776016228371466,0.8374084677076963,0.691842431945388,0.6300430598150197
0.3613521288136964,0.6321988963501384,0.9716176557840942,0.8349995706850072,0.500816641572938,0.1960609181164975,0.9737693606679052,0.5238358815453663,0.7105545492511205,0.6134577768342572
0.060692077890668106,0.4751388909852742,0.725884733695701,0.4995757615513018,0.036790727924812305,0.9736278146740815,0.6573231772009446,0.9600393956568927,0.2586430210290557,0.19066561804718862
0.8208777500064884,0.41768272562464737,0.5926905493690079,0.6958106884914641,0.4518933646114336,0.7767031558867596,0.6191828765279277,0.7270617355721675,0.6061971599741272,0.6612930555350098
0.08754241147896247,0.8440971706708894,0.09584470205088491,0.4940410613766316,0.4745203580938152,0.17473606964995458,0.5460540243864384,0.8226187057458473,0.9110563264712949,0.8538167182712256
0.6083117846301888,0.6158066857737816,0.5934524000917148,0.9439059166726232,0.5704624249211603,0.10624466390336829,0.6468284971938605,0.603816906775264,0.8070551097312154,0.3426705583104994
0.30860187371295633,0.6251114137367657,0.3449097789714315,0.18929942377398012,0.35178182435560856,0.5902279332938943,0.44494007234060506,0.8671172817912266,0.17939432959943646,0.4579577060371638
0.08477956205582571,0.45932876888829544,0.2618808239377226,0.6083184472293169,0.9799064670214762,0.39379540107719435,0.4113945180315507,0.52777861211169,0.41738898085683496,0.700283138895461
0.2624769619126711,0.31622746700831417,0.8304278635175446,0.18960736145669477,0.8738340851342212,0.20558355989462462,0.8342262809742744,0.3964601025816008,0.5144582554623655,0.38499518155428947
0.02836939120148374,0.9860020593938614,0.584041306664658,0.6704216541963126,0.4422519727336227,0.9431783402612972,0.2123738363965847,0.0515802968072111,0.9022896110091616,0.38526230038976217
0.7485786839954721,0.07183326112051736,0.8008911448642515,0.8665189303540841,0.30476085540183107,0.9663611810511505,0.6967058973321995,0.2112862588527027,0.9133561862137732,0.5250628860751139
0.07286149920698848,0.5555574389223489,0.7953307699502111,0.903011996989511,0.2775425884031133,0.9591313425401243,0.52848932236064,0.3739067112315292,0.7965595231166167,0.5931642415048975
0.04265678551604313,0.040952292666554424,0.9285623724124753,0.18773744283348537,0.5566373039018989,0.6968009332050017,0.2693079092115326,0.508815973212311,0.07015178120696752,0.8222839529800239
0.664664532490875,0.1682832326130974,0.23159397513145363,0.10296782945735539,0.36381892250682213,0.5377509487876011,0.588016035202279,0.22896616913061563,0.1038035536266324,0.006230172391710864
0.1992044457620773,0.4014315666356325,0.5114397001427399,0.6637203514521735,0.034302310335495356,0.6478523782598729,0.49759569647516,0.008555013403026335,0.5052774885055348,0.11528122552677789
0.7152665563896087,0.2637438495469492,0.3450737987405633,0.1831952012580652,0.6933538766168956,0.7146892706936304,0.42537328433769683,0.9154914129150837,0.591816619074645,0.5404076441978436
0.5591595837495957,0.22520014073533534,0.7127853563500233,0.0029465750171259186,0.6377683684043598,0.5259823701631343,0.9490528291676172,0.834138198494618,0.11657662029652027,0.41954341619343194
0.8619323600766575,0.09489173323867961,0.8326674019134372,0.8958978267036014,0.49241397374410967,0.24185870659130126,0.6402703049047055,0.08369744634942478,0.3862768118417691,0.012180424329821249
0.6589378827827967,0.7960765143359974,0.20883339348308594,0.19011381967425234,0.9361469989568917,0.8623146440814091,0.07986770345651151,0.6976971899597944,0.8151693713653388,0.0876764898282103
0.9316893527009226,0.9238991715451639,0.1378787978094823,0.04544854550490118,0.33497135003678946,0.5641119357345088,0.9367190064030754,0.6812232578582414,0.531340681987378,0.6973825425029139
0.8376005671242235,0.4587776246272798,0.7013204018990274,0.5971262583749164,0.451611818144125,0.5007605034903715,0.47139429478048744,0.5638439046668311,0.9015150258164949,0.12403085424637894
0.3025556252421595,0.7385841406307602,0.5430239001521934,0.5213895301283892,0.6726205144268986,0.7116573700859845,0.5852756697912277,0.21362509743295321,0.6575368125400818,0.49402971514538685
0.7749968905601142,0.9141673527188291,0.6216925390464624,0.4215182960905276,0.8911614615309453,0.0012622497303363955,0.9555112792440477,0.9869961766073267,0.6343111069209145,0.22685743355267063
0.22199237991433451,0.079712212731198,0.046740223392053526,0.20545053038457828,0.6998979883694331,0.006751264630674769,0.39064068786837747,0.13222008357594284,0.6837501866520809,0.9661483840535195
0.2160816494484381,0.6992789626990262,0.144626045614767,0.19555204698473683,0.5113062849167386,0.4906897247370845,0.6682595117375587,0.14218579938398213,0.9011473588272426,0.19861229114195678
0.38418729153501363,0.8940620130859381,0.9545177687942956,0.5398928710571186,0.9110462862234234,0.7188819851646597,0.5236424535396119,0.6742080806332015,0.42081932054055404,0.21860580786091888
0.8672654504580647,0.13141330470022994,0.21969463086055263,0.8819946040093413,0.8055443991253028,0.6099958367720614,0.39884972540704566,0.8540082535937661,0.002562877369469585,0.8590022626993228
0.6074224858083757,0.6392185535320575,0.04528618011062335,0.9096166784092937,0.21100765909347285,0.4063556825930348,0.7461869379724597,0.5602184822183923,0.2100723916630044,0.9910156167038671
0.728426826235396,0.6544294500881864,0.7350806988914117,0.2012920680361392,0.3288268002361737,0.7456723407912029,0.21528399369735474,0.0771681856571309,0.671596786895498,0.07904865278739892
0.42970855495733395,0.3483225688388215,0.20613422110121393,0.41141041603728257,0.043413759121420425,0.24805638226219073,0.042679702213672344,0.23888635143416326,0.8750983864028742,0.7766675868965339
0.5201503880395881,0.7613417639087529,0.9352423809229069,0.0292015207683346,0.7699446190486168,0.31086364421888046,0.9326866288836055,0.17886551345678003,0.8319351862231248,0.6122574166913161
0.7027922772255578,0.7432106770976881,0.22820563121040127,0.621799744666513,0.3485843099362216,0.6096166446301096,0.2995307089204926,0.899722423285164,0.06362655714548249,0.7714648239765053
0.8444356023024671,0.22140566613337365,0.2631252808949922,0.24736131685121254,0.2559744798235264,0.8189588813938371,0.4460560940150994,0.6876669732673327,0.14766657716122422,0.7622283605984137
0.3539377091722018,0.4582159377125524,0.5988744086484442,0.8991689127948326,0.6557378319801672,0.590524541359087,0.23349539476757009,0.5770637084916579,0.6305874023960971,0.2330765976004212
0.32162909675611195,0.8535732159815389,0.45741365145162993,0.6787631785133555,0.632274798172674,0.29946844513909787,0.21083064511572847,0.6750021330698649,0.16585035465988696,0.9597773021498412
0.5806882450881716,0.9403228353106886,0.19554457308593587,0.46819047642222966,0.22272478026406228,0.5959170358411027,0.5796088865330141,0.9997040554361816,0.2776645343435856,0.45104499432992684
0.2884591860160123,0.527898644492969,0.91715270193557,0.32590991042094586,0.24034562224158573,0.8111351496628583,0.20369968771589686,0.26491772612221975,0.5753774739333185,0.6012338840103876
0.5566310485840769,0.08872561726936457,0.6627160730971183,0.3209299398035057,0.4547674386549446,0.49501586034447886,0.641819414742914,0.9871457208951979,0.860406314182021,0.2512902502072937
0.9853072357812899,0.474740749287655,0.021869860145556252,0.5961971526797955,0.8942974495735111,0.28786481561379174,0.49872839402598923,0.3446581138492617,0.3356616758757309,0.9504934487200094
0.5994435535717632,0.3448077017813598,0.8986726121858999,0.7747169913264589,0.4764720571373714,0.646091418499369,0.23968119514658792,0.14442287088982808,0.09493060930961361,0.5012224674594976
0.0015495205484965524,0.1938983863434932,0.11403910023397756,0.9409602594167318,0.7187390639262605,0.6643672232934924,0.5693973255341875,0.33035975095842895,0.03589171561160265,0.4817044287207263
0.21770779241704963,0.8991340224675529,0.5620899869435948,0.13895843557986587,0.1397126427626041,0.21779416679933306,0.6358220710374187,0.4877415695316555,0.7973659043794558,0.2610114177674093
0.23523187579615967,0.9362171094284731,0.8019328734017431,0.5404089378399042,0.7537275719447678,0.67014804004125,0.614673988805472,0.15358297183414693,0.9622423635554641,0.6272356259137294
0.5259500063067724,0.6619375428048356,0.763866822987911,0.7295884988908399,0.28560967252776825,0.308396640777746,0.7212721847932294,0.24579567189445106,0.2515562299462154,0.3991046291670576
0.7588190201678096,0.6009573340996989,0.02448305519397076,0.823319193074381,0.1686996794499207,0.21332185694152683,0.28005768275800014,0.9918298096640698,0.4964341560072878,0.6840170293852237
0.6763437581272976,0.041291398861023954,0.9291457281054003,0.6479358924828238,0.6615780661005902,0.5419053952496721,0.4324708401634735,0.04260915805260079,0.6092048158279944,0.3135860284182057
0.8213785845231175,0.08210518602721073,0.07812863926174585,0.5694086027363113,0.6588188170667192,0.5512564595696414,0.09222612392372587,0.05243583956108455,0.39973623266000813,0.7856156607315938
0.753189386875165,0.050560974964968364,0.5185306929655179,0.7010275574785695,0.42352171609124045,0.971510090640628,0.08403722763041599,0.23497913994967456,0.4833279369562269,0.10865478957320451
0.2506466890809206,0.8680027425400292,0.9857121391884898,0.38143811441613973,0.17736833534973762,0.09536132940415687,0.9226746273027021,0.9592706201154192,0.8433878159444602,0.3076945161202843
0.8068941177385939,0.8082731166658909,0.3656730901965446,0.45196661157940765,0.13966270984201223,0.7251556004388731,0.03249474526684304,0.7999554976265384,0.07898826641126433,0.39895367389272296
0.5199236125629718,0.8280055608914094,0.3302711778673938,0.05104884468844351,0.6776139418819613,0.36661767161074155,0.05800797340535324,0.34883862467549276,0.7952022468742121,0.9688375703303711
0.553507256157268,0.800108959433273,0.32670911252237156,0.7168424259725875,0.07645955460030673,0.10577193673051366,0.11183419405286354,0.4149966884238778,0.26902464490696676,0.019492304205361854
0.24626654483393873,0.24234102782384115,0.32543848930119657,0.44441255526634316,0.3736146566082251,0.9266280072880889,0.0026785891138123574,0.6508834726865703,0.26104495789124926,0.006562282235820005
0.20869813340650856,0.5601139296684821,0.6161890077569661,0.2468650692496851,0.8193693488259377,0.39522591923211436,0.403268839781857,0.8615358950547032,0.009909295771905136,0.7927780469122337
0.2091405967357295,0.28630038629447474,0.6373103091307991,0.7256688636001525,0.5926687621721082,0.7855411304601713,0.022216564241962167,0.41704182135608514,0.12320410212503441,0.11329430978799715
0.5642822226597874,0.9105121544505442,0.3013281956644611,0.8943624498155323,0.09040524053561405,0.6864921717748635,0.6769594986625554,0.4653959193108631,0.8249201142613805,0.5804315130765295
0.3328721942448385,0.6164504247648367,0.4438394802437976,0.2743066504684757,0.20850319693654873,0.7696213817619376,0.12792307173896755,0.8209986546522434,0.6347030344764363,0.024200139393427578
0.45955232815860536,0.49686693432655415,0.12664069267460476,0.15019954081470255,0.2661699249682187,0.07585435139214769,0.11567463375226084,0.6712370129384866,0.30365137528919406,0.5062685463596485
0.7132825345732431,0.3742126395638681,0.6479515830194776,0.7401280812629464,0.3713476208565968,0.6852517410861978,0.5830970870015983,0.9126257555624291,0.23883601812001187,0.7352393986512687
0.2740942262508035,0.5511330653386681,0.2441638071109009,0.04977798877568351,0.13609500654566864,0.04424624051601367,0.3759067799120409,0.43813794758739255,0.32741057021402364,0.3302089895982213
0.6045200277654968,0.3874658947756956,0.9032847247962007,0.3748896671313027,0.21194483148500254,0.6923697084388953,0.21437921489556777,0.38289641192346313,0.6283174903997997,0.9628894736812899
0.8833812794992912,0.9942631173261274,0.19386013779651845,0.9328590556854821,0.26311072761773624,0.16149336261892233,0.8018745792551564,0.12353395235568987,0.10908020727100998,0.08926543296047418
0.1301437468361749,0.754370606370106,0.25573093487371856,0.42133789330841587,0.5371257442565536,0.5131242101867208,0.6537278796225447,0.10595484470391237,0.3661263853387122,0.9982426028331021
0.8854348319747082,0.16983111717577548,0.9491250866496647,0.8534769608064389,0.26324906617150456,0.003686900111839808,0.9129981002805906,0.4636271285035144,0.4810836542693947,0.7573357538209693
0.9824853145442658,0.7586249608369493,0.5370003509393905,0.24020350399616186,0.4777533075799132,0.36910547746771527,0.6154876647873118,0.9385661298474863,0.8475348041832191,0.40295158861636926
0.24430923396093807,0.24034483631687342,0.8694851206209174,0.05604137166477785,0.27931915606779745,0.2596867507048424,0.44194880702141115,0.19073657703487779,0.17373683181175692,0.8065901156420711
0.07930158611843052,0.626498968222704,0.10114910178972814,0.07987510149919674,0.2187086850147213,0.7803125097945722,0.4636840095501077,0.9772632401463203,0.4476815896915869,0.9599670510446785
0.14318386543180572,0.19503811036875607,0.2881193700742384,0.8938063827504831,0.6962083313148653,0.317959147440957,0.2374751819689439,0.25041968144006976,0.0393636628021502,0.736504450676618
0.3962468896413397,0.5861731874963992,0.7141053252957159,0.5700136002996066,0.5520454161813565,0.9740069272108247,0.5524737944963938,0.8126845220388949,0.4130794507045168,0.904246647700949
0.816520961080905,0.3119364368011439,0.741894521159494,0.25269999465765003,0.3760683122386207,0.5214396365532123,0.7589411729794834,0.8414998934937516,0.6035740652001921,0.9880889498758212
0.9171222795768534,0.8122570016607463,0.5833869745430017,0.17474411252462418,0.8915593221800767,0.49302455254911914,0.10809807820163764,0.14995619349794354,0.2080006373865929,0.5671349633050164
0.8097473055003865,0.46130737344149564,0.5865737402226014,0.9504390200975665,0.11950488100649559,0.9296148408702054,0.6320769154235693,0.09913194861607011,0.5640171503339896,0.9987178570506878
0.6479335290679713,0.10899953455204081,0.5040878655366007,0.8934532783283882,0.4037197134213053,0.18330045774602688,0.6935265831307932,0.6598452688791323,0.8784545947919216,0.2906060129258534
0.7305232559958952,0.2621735571020164,0.6604643919843773,0.9015958846118048,0.18933389395806144,0.19701171569163145,0.49166447077249276,0.38390045740845047,0.3496505424191003,0.26868685375931856
0.20231367869644246,0.9777293146129663,0.14270251125798494,0.24679586412394938,0.08263440561355573,0.21150739702915744,0.3730137312217314,0.8545809173635197,0.8961695657622691,0.6184083420943776
0.680101166800094,0.26219531057442536,0.4419250594230202,0.4868821731744809,0.42259311208372585,0.2643497342809258,0.22643672584654295,0.6194308677106241,0.6055356632380512,0.5671323730249839
0.17930593188883692,0.45808734626455894,0.8557506922488668,0.1509152244474944,0.5220925334470148,0.09461622812965587,0.5686794576760343,0.9980290088658539,0.8064480385351821,0.8373003505597337
0.9258745660066916,0.584726097845449,0.04430146119018552,0.7714599105195021,0.6866433140432083,0.7922033470315994,0.3239199905398653,0.6181438509146661,0.6772483640490176,0.4325642472667447
0.2765724560906143,0.30747997519023496,0.3370522498816064,0.09589546162846718,0.44620267639133815,0.7951571773191713,0.275284762421973,0.21008664280961276,0.736957623264074,0.6020055513498668
0.3727223801980696,0.6382365731332128,0.03765519499131065,0.5353448597230207,0.9705210906623488,0.022437574330302468,0.2725948486795612,0.37034371500704044,0.25475124290054696,0.9873668486058299
0.7315183450573949,0.296569723098593,0.5007189876553836,0.6803052001334361,0.1441797503638621,0.9262769152426196,0.546639428971843,0.6299081433121003,0.1462917196547847,0.13919878355220727
0.32890924239091346,0.4748892201827699,0.09589345114815706,0.1292668082461802,0.6175983339718628,0.5600238375397788,0.03788598290809342,0.13437651809651296,0.3400238337977236,0.10298877025152475
0.8561414757287092,0.36867857928548153,0.32807253648213464,0.9223708630372962,0.6330944431333788,0.5604247552736064,0.21389054594008983,0.22010861856973485,0.5061899844664588,0.5654774498243673
0.38692920739374426,0.7685439940413559,0.6745363374774327,0.5575860095646654,0.5878179886940846,0.29352405764999934,0.17162637475046594,0.5730346269394104,0.2729833443191447,0.7963498417824755
0.535061920216585,0.5865717567701474,0.6322274276764839,0.9274852821678982,0.5893248527976348,0.855500691076047,0.811936917301025,0.5351323615903812,0.6833319790817303,0.06546042302088328
0.35510880391024924,0.7512019463798847,0.7612819313385981,0.5762059729669624,0.9084808134980873,0.643724200609263,0.9673975218598692,0.29064580345062907,0.051606655138013324,0.8174289835361633
0.10564432509086885,0.11629517046933224,0.1460560307333224,0.0007531125054770493,0.012324657796187855,0.27508670226939036,0.2655793526782292,0.10113773828636641,0.571457101408741,0.3430318905693551
0.8068825225167194,0.12152372706311876,0.20631232182738068,0.9274111659778209,0.7233784516030615,0.07705154433592598,0.35727026866696154,0.3996124468480331,0.02513952514212281,0.9405153164728237
0.3822369552735494,0.7669510898568469,0.43918581598429485,0.28096507563418616,0.7652205749306318,0.20436452555881823,0.8012877280511911,0.5245966420312806,0.7499098937263526,0.23864278229394031
0.5498521340674665,0.9185767404540263,0.5119535793402494,0.8436786614282081,0.3631624359613903,0.5038381913913935,0.9422889469097275,0.3309865378547867,0.8177921901212885,0.3166454791779689
0.17484023840088936,0.17068879991060437,0.2635930027550929,0.16592242872423058,0.564580044350013,0.5717282831084529,0.7943953789305678,0.8333760812739471,0.5194382129836085,0.579353212630029
0.5468168623486621,0.24189013580598817,0.24252414210352402,0.8728750241709464,0.10628939438025575,0.5759724265050669,0.7372155168596668,0.8499959328053707,0.9977883430983342,0.7655878781179222
0.5728830731421931,0.9210493735194926,0.26791447585484207,0.09329550138596043,0.007829782067873992,0.2657803274164944,0.3907430453421168,0.9741370071587819,0.18286942953868002,0.6819021589987305
0.25418109345397166,0.5459672091777928,0.23676235192230732,0.7510938011814395,0.23984580162280322,0.3937370851231037,0.36110537024161093,0.318776759358686,0.9322000491801523,0.43347959231388433
0.6999610169218283,0.48859009016724975,0.5579011637468386,0.6349982027991296,0.0835796366193795,0.5034663332813308,0.6393000136892715,0.3521951798139541,0.9981591559511753,0.8221183481518528
0.8223717212758025,0.7392244865408034,0.42061617139792806,0.26078659233704704,0.8553448984664573,0.042844777419009716,0.4591413726611747,0.6073816182436733,0.21826168508845134,0.2476539875614171
0.8607558073718219,0.6083189688986187,0.18070171818687097,0.22347561839136587,0.15333121525122828,0.7899982818627247,0.8653308932074757,0.6158831898148083,0.28906900772791555,0.89919530524264
0.7425361022221549,0.03773164794114603,0.09027756186718516,0.31801471774965684,0.6824942187779499,0.7626388566662794,0.7861421756822673,0.738025981584651,0.5130051525967501,0.8450916367068575
0.8743909643443984,0.26687000670877203,0.359582679266397,0.3150878838159632,0.4774737776411151,0.15818230849933634,0.3514836032109422,0.6535042958807575,0.6103357611450325,0.7060373728601164
0.4479878943431599,0.5429136369045081,0.4571627294416706,0.1911781038331326,0.33705317837955684,0.17198536144725496,0.9875463621804095,0.0005384287701838408,0.12244750256520986,0.6626350346202241
0.49950733825203153,0.5081318298823753,0.2862636303071521,0.4780947779868244,0.022299784373948972,0.7733342575936729,0.990164305653506,0.9548412182907053,0.9994365245439873,0.5517853461170799
0.27280299927166873,0.35703250370189343,0.8877196743061829,0.466747303132133,0.9997753085512432,0.31505474052759286,0.8369974895460346,0.3020310529328252,0.8861993461880525,0.8834628514195376
0.6137684449239097,0.4896989694714118,0.6977439279573309,0.6891114619618635,0.5515506718054802,0.4638225700791855,0.818908465668267,0.40301802136194487,0.4819263794179829,0.01566590003367152
0.4312136925093889,0.5855758849435243,0.5636805801930302,0.5454167505470271,0.6723946056853035,0.04693375000106814,0.09869268619585103,0.859753667766895,0.41274812746042067,0.6475343883046721
0.22347704813091007,0.8650738956068542,0.7031264375499421,0.46131110857632596,0.662264402338378,0.19644231203178508,0.685860254295797,0.31443702922009575,0.7259405806521033,0.0465128245483718
0.3739869658419104,0.35350781199987125,0.991417987388803,0.1000477677156254,0.237940556044557,0.1879635228663904,0.32302578766920154,0.3005546815038175,0.8909816045172584,0.6345012150579536
0.6947348250754154,0.9384658229664167,0.9081030697288592,0.3443578508824974,0.9810123864150591,0.3480454290063135,0.15897685512983517,0.787604606079269,0.7610106678147687,0.9214331460200929
0.7376837961567898,0.7653069368835718,0.06004510615545178,0.9345929602127949,0.8626288860834976,0.2111314330464129,0.325462924271711,0.9813286416652721,0.6470506541907698,0.375861963757816
0.31839125537370183,0.26615372059067555,0.04340270390442069,0.319431448169311,0.45353971935980697,0.410634332656326,0.7004158327302453,0.8485977749315056,0.8683453380240689,0.21681035959696238
0.3049283304792152,0.10010773950398333,0.29146369516962434,0.48747650077940663,0.8560096912991917,0.2712005269155855,0.890807590947544,0.6618994773890795,0.5415838107555774,0.8831637848391589
0.2308044905796347,0.9683316542917008,0.504347090500422,0.5510624611497131,0.7012897892485224,0.48552158346433816,0.29461433941166104,0.1281600262410858,0.5252613157157418,0.1479054585194527
0.07658330995573537,0.4606056472678912,0.5896039040311833,0.8251577866895949,0.5539668865893899,0.1254977700851273,0.45456641507947815,0.5792791748588402,0.24945218911453693,0.5811780152407794
0.47512192262742403,0.5830372461373003,0.4678239882068187,0.14644048951832744,0.04840213192332987,0.10028171836634736,0.12518374265942966,0.950309451446137,0.47883574571084864,0.9472126940762158
0.36600839339810176,0.6270565497362947,0.9609664369667137,0.20222298441682596,0.31863269839469854,0.7767473785842525,0.8694885547668765,0.7299516327247219,0.07106311984194658,0.7585400233578097
0.5066790538288882,0.8450178140092816,0.941172666540832,0.8983255639557436,0.5479290714444174,0.48638720494850074,0.08753161509693141,0.5468242492562553,0.6491660274992188,0.6865556678566705
0.773403902215986,0.4489646233121871,0.02754537423867931,0.8019487731039445,0.5224554180919183,0.12156148649065035,0.596687319211909,0.10894023022438692,0.0005345500507446532,0.809726616372648
0.12766950935242782,0.11726117946393122,0.2589305225680678,0.7630501243178764,0.8097438592899793,0.2992815183156915,0.2838671770597575,0.10422673826701956,0.7765010683472099,0.7478856033701089
0.9795443890877216,0.48522936720655796,0.09041170246878028,0.8342182727040809,0.1987376084471919,0.21559652733900136,0.9325782770067912,0.8538722184352822,0.904693599376606,0.5060615412115027
0.018436163192577015,0.8739247991724051,0.6077854273097568,0.3761536907850196,0.15487297426094038,0.32929218797375015,0.9878278689245261,0.26350848967898344,0.0827565330481147,0.8159398486136025
0.9109448600435666,0.1478503374877691,0.6770923277910517,0.4070276305192766,0.16480743225336003,0.9808574435663824,0.22257999109798765,0.819362636015439,0.48063360341546113,0.6386136784218364
0.9088608443026146,0.7165025130349378,0.7136747319835955,0.5659202596971394,0.8117349825769061,0.4784233343406149,0.10695792828681983,0.07080564959381064,0.6682369866365262,0.04895673668321543
0.6415340691218837,0.18934232890381109,0.996240689478333,0.6649433443892147,0.9095003291818673,0.24136210783826173,0.9165504333216266,0.26009804451303686,0.8375474940575527,0.9805089846178102
0.8346191815607853,0.9610590460172614,0.0691883833068967,0.06634936118834878,0.4282592728178035,0.5038320298314868,0.9985812454609265,0.3452478290052081,0.5932806374030865,0.6712039150877828
0.9518367605164471,0.7819903394700596,0.5895248841534342,0.6478482439623863,0.09037538704243309,0.9037763015816942,0.7298083701391695,0.08088649893120503,0.3784642250218154,0.3021248455275658
0.6772743886122986,0.740171742083411,0.11714873688999539,0.4613313406944528,0.5354477629190065,0.13818284914122947,0.9245550937436782,0.8464506980822167,0.7585074536760544,0.5215446534167135
0.35039644644031287,0.2844431527477289,0.19698661423709374,0.8196452809084422,0.9951184943345527,0.4240298992796231,0.37862388490638965,0.000423721721117154,0.4763467502715827,0.47568889739161524
0.10138888773497046,0.7712032809926116,0.4103583402496307,0.37892505610851923,0.5630353106524608,0.6007466129362836,0.8939436352290723,0.2640805767806962,0.9658750830419592,0.9305948849765319
0.9842017159066808,0.3802269172181959,0.49426941629568466,0.8821907176706061,0.7899719425633002,0.9104744860322275,0.7107360926484838,0.7454627526490666,0.1939366574780328,0.6378887912667129
0.7773329586230572,0.6958581778516051,0.4225781235299103,0.09303329387774417,0.5032201528515376,0.4366815949069224,0.5783434255738104,0.03836568367640392,0.9457313777632191,0.5964256603586519
0.9782916786319346,0.19207409708912637,0.7503081437447564,0.8458083795704329,0.5640789372804543,0.49283472130377737,0.31603180582066914,0.9500646557117577,0.9987848230156439,0.6754224683945435
0.9002963551828579,0.09334880784280175,0.7156740358475374,0.9615393113109643,0.9030158102679224,0.42343922072741813,0.5468872105940704,0.298128971241157,0.5343419944406915,0.983297832873295
0.863719064774279,0.9020842504624552,0.27436667152426875,0.39277486830822717,0.8931790853002927,0.7292641417577984,0.14358554380164856,0.8160855930827691,0.6980489507202522,0.4276301119283863
0.27632031365834153,0.582948529635448,0.5726515193174634,0.163650363658304,0.17859341744971358,0.43656488312379527,0.6988955471206568,0.4987300729830676,0.2122124394613093,0.9486383611867231
0.29359297409269214,0.2571983122371009,0.4533710028421215,0.9636240073288969,0.906298879917617,0.6888141796672607,0.22933580749963978,0.4830246167279534,0.08981828974655004,0.39463060108075143
0.788192286696838,0.2201992379773513,0.19757758736366582,0.9531548494484129,0.06550300746750581,0.5181699850098977,0.26207929179105305,0.1049310996055518,0.8550689914421902,0.5459724357555995
0.5442390951187741,0.3384452310676628,0.7837332766094425,0.5862513064329596,0.4729036701991951,0.3348179915575952,0.34184683262848026,0.11628660098262855,0.1764213087627694,0.2221900174027267
0.22580680668935327,0.9393386685236239,0.7699971744338657,0.21630638537653524,0.2394478536563499,0.44798860462183976,0.7853463236374919,0.2907624876176569,0.3891315509319989,0.5938086579876355
0.6089561724749909,0.4222330822907371,0.7863065535604233,0.13660014996632375,0.6264676190192351,0.37423116824142755,0.37060126225386525,0.5758899567957573,0.7997877818242651,0.015976557652677026
0.19068838043897585,0.27866906633521593,0.06892187357428747,0.9330922951156492,0.6421614731208163,0.8901475572905841,0.7455006759453462,0.7455465954402448,0.6390920204601157,0.8718531062850335
0.6299464721185913,0.3496585278848171,0.6004689962119982,0.23423109632591,0.8231745150050187,0.09148388555497322,0.2173737317198815,0.7967390564635236,0.14023311288311346,0.6712313655917127
0.31891374627824554,0.4819666390345938,0.3131852098608461,0.15437323377018675,0.004977736439762959,0.2606740442268066,0.7912799071226198,0.7327020634638103,0.3414183119209311,0.00659093137607536
0.0343674973672381,0.4746793925631426,0.6742026776802479,0.42580482000633957,0.4862994930529959,0.38984520750676055,0.03356237691397157,0.256783934893839,0.3989073381335341,0.4105784182760609
0.4910900922000446,0.704313903558745,0.2563228468024126,0.5312576895759135,0.611096863181283,0.8255949996672634,0.6447086823751367,0.9589879507328798,0.3575296887081566,0.5571522357672766
0.716115534228745,0.8781601518308949,0.5033222099241109,0.962393479644342,0.9432361874485822,0.697941027471252,0.01095987988809577,0.12782071400051354,0.484886884199103,0.5856942399208785
0.8706991136857716,0.47833297941805786,0.3106484238508094,0.7063491251153687,0.29352457524634235,0.13834857579972015,0.6176528375701617,0.46772237501891356,0.7405032710025676,0.6692366524374381
0.4610148273948238,0.40416379386827384,0.7000790711602036,0.17814734389220366,0.4917557186950192,0.6240993572253825,0.4789521853807436,0.9406636469108709,0.493632083051627,0.6846497167395191
0.4713788294001796,0.780318425435291,0.8482523622111167,0.007891814686073695,0.9461689871334278,0.9688836655656554,0.8014492837789005,0.24824588063525377,0.0035675498572822484,0.13869847067016572
0.25518079174102026,0.3373995405925666,0.9863712104255928,0.25126063169731994,0.35534562833539374,0.3011648775985528,0.7392346436571013,0.4041684737482807,0.05880809784298413,0.7128799544407699
0.008293592515281056,0.8289155303858581,0.013591359145146198,0.11070715303942713,0.430303819849029,0.7679716481837843,0.06475290954173396,0.3123580689453519,0.6800806155232424,0.18138797045431532
0.6368637561933319,0.3952085193592284,0.6061233116008875,0.06869833850277562,0.4717308177763784,0.019837601073368738,0.44724635469557295,0.6488834841365213,0.9200520031528191,0.8163579934323153
0.28882543328608845,0.24311236325632357,0.9312132255711013,0.05937126570057227,0.374008167490558,0.306793529125852,0.20856986246560383,0.5556918721531527,0.2801284034431769,0.6306864115718873
0.23550351814814885,0.4246581212082913,0.25557221140279696,0.6274836773550169,0.6675227924281236,0.510147064162217,0.8722121531982825,0.8050201232603335,0.35448788867382286,0.8765686174231802
0.5484428931802754,0.006083070203759422,0.34633398523589276,0.32788674974624665,0.5625182541070565,0.9183715091991699,0.8336640963693597,0.028216685878360792,0.3237958001714468,0.5814955452435983
0.796339956815403,0.2865988400296118,0.7082699867115236,0.4297635805702108,0.7055624428933871,0.3799110299952484,0.3632001706881479,0.8699124024158612,0.3428148642750246,0.5776679204826413
0.17175635699246616,0.09686085815008949,0.35139491595999306,0.30455123933078954,0.08248073697432745,0.0397176776413134,0.10578472359805036,0.6724898329162724,0.9079521313568175,0.8100541298023399
0.7864320969519895,0.2836941934825843,0.951386535401657,0.2066105026082583,0.2477633196109258,0.7043073369406053,0.5518799015129542,0.39562611614874243,0.48083143396270855,0.43872835158616197
0.8467570477526649,0.8229425028189881,0.04029454519327713,0.026629939691954596,0.25881376818099755,0.762143596099293,0.18718864835245141,0.4686374043007937,0.16597605736254095,0.9695443210893606
